"number","fleet","headway.min","planned.buses","headway","ewt.v","simulation.fitness","ewt.a","headway.max","buses","headway.observed","hcv","line"
1,50,180,43,907.250523463869,2553.18832224098,-255.191514190252,87.4285016545869,1200,16,941.939227328379,0.448522083118383,"T31s"
2,50,180,43,1156.36948687846,2521.59601346157,-252.223019123218,92.1479586197331,1200,40,1199.74252790894,0.370216665375919,"T31s"
3,50,180,43,319.164842248764,2327.95668574733,-232.315036073402,62.4261953166427,1200,15,330.60405891672,0.651884390730509,"T31s"
4,50,180,43,821.952810327012,2524.31085678319,-252.295362923595,80.2509782161179,1200,36,848.500972690246,0.451538700262906,"T31s"
5,50,180,43,278.714654967423,2786.14385012512,-278.173687933286,61.7874069073075,1200,45,290.719192770954,0.689134585155149,"T31s"
6,50,180,43,587.160551223263,3178.18395248034,-317.620992339901,74.3958667421552,1200,48,609.079976622969,0.525121859950448,"T31s"
7,50,180,43,706.678233579259,4740.93314792027,-473.883949076424,93.8120436588429,1200,24,729.373669694285,0.534564477106578,"T31s"
8,50,180,43,765.026428872955,2893.06939322879,-288.952681055013,81.4005760185375,1200,1,788.859954921772,0.468237879906574,"T31s"
9,50,180,43,573.629705337992,3582.21261147756,-357.913854371107,81.9021716681873,1200,19,592.458855622361,0.574439398153134,"T31s"
10,50,180,43,409.890707620146,3969.02663189206,-396.53424616881,77.5961021704304,1200,37,422.990510119332,0.633253664104921,"T31s"
11,50,180,43,587.882617463387,2749.3370350913,-274.866796144966,76.7694207127578,1200,50,609.530313544182,0.548379386116434,"T31s"
12,50,180,43,649.39121592074,2464.54004707227,-246.221156957497,76.673342066151,1200,44,671.343205819021,0.519859640142615,"T31s"
13,50,180,43,189.131850937315,54061.3944907549,-5405.68271515549,122.650764612411,1200,44,205.414381861081,0.868497650277764,"T31s"
14,50,180,43,471.114652199889,4079.23043564313,-407.586237456696,77.3476808904861,1200,31,487.2318973687,0.610334736505169,"T31s"
15,50,180,43,930.388327872144,3966.37282399102,-396.575084059392,96.6515790591052,1200,35,963.058680433253,0.462496509855747,"T31s"
16,50,180,43,688.509010459479,3646.53111269002,-364.433223158541,83.1045055670361,1200,27,711.826626390377,0.498746909789143,"T31s"
17,50,180,43,1118.42680904138,5096.77100148622,-509.682370757037,100.586968071593,1200,17,1159.61913423479,0.397660266193305,"T31s"
18,50,180,43,604.03685409093,3306.9609424944,-330.368736915698,78.6044252034083,1200,13,623.651923306872,0.533880196493791,"T31s"
19,50,180,43,510.170105281776,2354.99015355338,-235.180693202192,69.2564687168629,1200,36,528.4262342838,0.544985659900461,"T31s"
20,50,180,43,478.951017751207,3229.73717905401,-322.609293608686,72.5379449956848,1200,19,498.86635677658,0.586022397257245,"T31s"
21,50,180,43,228.095256811652,14543.4917380821,-1453.87308443625,96.9527720225061,1200,22,243.167884656237,0.777315201353971,"T31s"
22,50,180,43,365.712310803612,2241.70453553699,-223.6307749577,61.3314410159664,1200,5,377.220238022337,0.618962992662131,"T31s"
23,50,180,43,991.532869302217,2143.33904579499,-214.315604907148,85.305443910139,1200,46,1027.93996069485,0.387335272716626,"T31s"
24,50,180,43,1073.84059346111,3967.26262074824,-396.605299148976,96.9268606648002,1200,5,1104.38792547353,0.410011310344366,"T31s"
25,50,180,43,688.199465319902,4361.68512803082,-436.157540300412,82.2006888837643,1200,50,709.007435942296,0.504464230296162,"T31s"
26,50,180,43,610.231485099641,4082.7208117363,-408.013862300096,77.7741313669968,1200,44,627.971623016503,0.517606062097738,"T31s"
27,50,180,43,751.379662599112,2586.19539283087,-258.412357579893,73.6597121621969,1200,21,775.763500981423,0.446010041445462,"T31s"
28,50,180,43,938.446114850851,2881.48522064051,-288.074980254074,85.4147112454762,1200,28,969.62454458113,0.41991411889449,"T31s"
29,50,180,43,1077.36290095803,2886.60279957012,-288.635674346034,85.8950156656861,1200,18,1111.76863834993,0.379682334120349,"T31s"
30,50,180,43,1160.10981224875,2681.63147419379,-268.179069862402,91.5685340869127,1200,16,1200.63197178333,0.372706290264581,"T31s"
31,50,180,43,765.026428872955,3728.30267919059,-372.619995581292,89.5809914705546,1200,16,793.361429595783,0.485791123341701,"T31s"
32,50,180,43,228.095256811652,3008.57571562053,-300.367518774849,63.7473042951284,1200,22,241.092685027058,0.760572998007055,"T31s"
33,50,180,43,821.952810327012,1572.85154800634,-157.124892103828,73.0420756218553,1200,24,845.879413003664,0.409499990051116,"T31s"
34,50,180,43,1073.84059346111,2621.63304770705,-262.036356441787,86.6166605860165,1200,5,1110.57121364518,0.34815232986946,"T31s"
35,50,180,43,573.629705337992,3587.41198813109,-358.464732902648,77.8276972398946,1200,37,593.843817890159,0.546973322415575,"T31s"
36,50,180,43,365.712310803612,3717.73219325424,-371.34133576215,69.8729530460876,1200,19,378.329322501506,0.629354416258262,"T31s"
37,50,180,43,365.712310803612,3680.752065639,-367.626388495443,71.9338682751797,1200,15,380.006661553591,0.647732931353717,"T31s"
38,50,180,43,1118.42680904138,6282.52279621992,-628.259321744824,109.581219172569,1200,17,1153.85644728137,0.418707753593148,"T31s"
39,50,180,43,706.678233579259,4073.60873609762,-407.113037772623,92.1182420178477,1200,15,729.534223176999,0.534229518590822,"T31s"
40,50,180,43,907.250523463869,2638.59919169009,-263.582276197304,80.2337098838463,1200,1,930.537638114496,0.404882258873019,"T31s"
41,50,180,43,409.890707620146,1723.24189720316,-171.808541842883,59.4433453464088,1200,5,423.989186132057,0.590452371085603,"T31s"
42,50,180,43,319.164842248764,2936.83486728542,-293.118239243053,61.0316371951172,1200,5,330.05850855085,0.641695381902746,"T31s"
43,50,180,43,765.026428872955,2119.92256873056,-211.681653168124,76.6848434917527,1200,5,785.828361828513,0.45495669622534,"T31s"
44,50,180,43,907.250523463869,2276.1778201277,-227.47349606607,80.9490439064224,1200,15,931.926071420098,0.416418799561566,"T31s"
45,50,180,43,365.712310803612,2741.11345916391,-273.660677572936,64.2332737121697,1200,16,378.202552027429,0.608434503510492,"T31s"
46,50,180,43,365.712310803612,3987.07023981397,-398.313823501487,73.9076878045643,1200,44,377.486003784394,0.654122962558765,"T31s"
47,50,180,43,649.39121592074,1557.94662403974,-155.551985280758,66.9019413410026,1200,44,668.716085429196,0.469590890387736,"T31s"
48,50,180,43,319.164842248764,2760.19869200704,-275.560830991467,63.2318811534485,1200,19,329.347995372316,0.668070316643867,"T31s"
49,50,180,43,510.170105281776,2459.35527247929,-245.611428949725,70.4257474370062,1200,28,530.010872360899,0.550275227099211,"T31s"
50,50,180,43,649.39121592074,5922.78737443571,-592.059820304186,97.8107264784696,1200,44,673.917250463155,0.573566356474011,"T31s"
51,50,180,43,510.170105281776,3644.60358962943,-364.144627818947,74.2173662391268,1200,36,527.00109955786,0.562742571772219,"T31s"
52,50,180,43,365.712310803612,3299.38717786029,-329.487874321156,69.8364250672366,1200,15,378.227169364371,0.644938045667897,"T31s"
53,50,180,43,319.164842248764,1287.05867762399,-128.087585240159,51.6377309542602,1200,1,329.732365021765,0.627955348537455,"T31s"
54,50,180,43,649.39121592074,3053.16848399993,-305.049652781483,78.7717843578099,1200,19,671.844909935961,0.520008813834574,"T31s"
55,50,180,43,610.231485099641,2415.30789050022,-241.268772348326,71.2898019369762,1200,44,626.714047395108,0.508639715568098,"T31s"
56,50,180,43,938.446114850851,1882.0006077902,-188.13278826547,82.6837662038551,1200,36,966.782458176447,0.432158374672271,"T31s"
57,50,180,43,365.712310803612,3293.56880219515,-328.821945396441,68.212980784012,1200,5,379.792600096375,0.628330714412244,"T31s"
58,50,180,43,365.712310803612,3697.85928221884,-369.383184009618,62.0684087839039,1200,44,377.198030602694,0.599843862294495,"T31s"
59,50,180,43,319.164842248764,2608.55591825663,-260.245031909444,63.9124003809346,1200,1,327.895657565133,0.675070005498364,"T31s"
60,50,180,43,610.231485099641,2076.70929703152,-207.351551664028,69.316543193504,1200,15,629.467881236575,0.483438702301303,"T31s"
61,50,180,43,821.952810327012,2825.31362101508,-282.399933245747,87.8792133290605,1200,44,847.54114927894,0.460237184682714,"T31s"
62,50,180,43,649.39121592074,3443.63392033033,-344.135557293354,80.6865003683255,1200,44,676.788080773598,0.524583870107356,"T31s"
63,50,180,43,319.164842248764,2570.38400386657,-256.559455849072,63.7323498534761,1200,15,331.147539886617,0.661213232848491,"T31s"
64,50,180,43,649.39121592074,2973.18577755119,-297.061392103318,73.0991014091932,1200,24,669.823411242993,0.475703893908463,"T31s"
65,50,180,43,319.164842248764,3016.51024008815,-301.166803301915,59.9266000651651,1200,15,328.823572811767,0.634807766887601,"T31s"
66,50,180,43,907.250523463869,3141.06069954515,-313.96454601863,83.3622575644529,1200,15,934.470980874259,0.421024806582894,"T31s"
67,50,180,43,706.678233579259,3314.49315442829,-331.065557208806,84.6250864715383,1200,1,732.548197152605,0.493735484092768,"T31s"
68,50,180,43,365.712310803612,2762.59890802808,-275.859460256947,63.8806579535624,1200,44,375.356224718891,0.627773848034109,"T31s"
69,50,180,43,319.164842248764,2751.87555340512,-274.575084822841,60.2485157472435,1200,1,331.398384794089,0.6475726619451,"T31s"
70,50,180,43,365.712310803612,2883.27097987263,-287.871581054676,64.0553994074542,1200,15,377.481979727967,0.621856922505484,"T31s"
71,50,180,43,649.39121592074,3921.92101371382,-391.963467956859,85.8189564630883,1200,44,669.992462827765,0.539463157905786,"T31s"
72,50,180,43,610.231485099641,2608.61319908497,-260.562454874899,69.6591778676307,1200,18,631.560690085186,0.51596020409589,"T31s"
73,50,180,43,1077.36290095803,3042.34642163263,-304.114883180535,92.8688548517816,1200,5,1108.04082285528,0.414089795921252,"T31s"
74,50,180,43,319.164842248764,2545.5276037467,-254.07898833726,61.2855665581121,1200,16,332.432602148575,0.65645825376348,"T31s"
75,50,180,43,365.712310803612,3056.03611950332,-305.155041793545,66.2903100060453,1200,16,377.226821821319,0.628299171999711,"T31s"
76,50,180,43,319.164842248764,3395.32391451725,-339.055217523737,65.5012439226221,1200,15,329.959370432581,0.680012247335994,"T31s"
77,50,180,43,365.712310803612,2501.78719248646,-249.723230726597,62.3081365781577,1200,15,379.231959445832,0.617671238978525,"T31s"
78,50,180,43,319.164842248764,3239.82484403024,-323.53917516303,62.0760721287628,1200,24,329.69643082203,0.651958386574056,"T31s"
79,50,180,43,409.890707620146,2278.87329847389,-227.455773146523,62.3168338947895,1200,15,423.151052766917,0.598612851981343,"T31s"
80,50,180,43,365.712310803612,2020.36376139341,-201.634052861399,60.954205647828,1200,44,378.04434180138,0.602788914816798,"T31s"
81,50,180,43,649.39121592074,2988.37537141294,-298.415500128733,76.555470744249,1200,1,666.368858517195,0.527136645070933,"T31s"
82,50,180,43,319.164842248764,2564.69975702845,-255.985979268638,61.5723487159811,1200,15,328.860769167856,0.631345862878998,"T31s"
83,50,180,43,610.231485099641,2523.12077414515,-251.997684312093,72.3407728657186,1200,15,631.299716210096,0.512431803910857,"T31s"
84,50,180,43,409.890707620146,1943.7149255009,-193.856079581512,60.4437016492824,1200,5,423.808488453719,0.590529866154486,"T31s"
85,50,180,43,409.890707620146,4495.50840228847,-449.124213648427,75.831358874077,1200,15,421.523267979045,0.612440844481215,"T31s"
86,50,180,43,821.952810327012,3284.58182442165,-328.272212955471,85.9158312328434,1200,15,852.076791939562,0.452729085878227,"T31s"
87,50,180,43,319.164842248764,2017.8601682833,-201.30075137789,56.9430381672303,1200,15,328.146020906026,0.638291137268156,"T31s"
88,50,180,43,319.164842248764,2401.60846791168,-239.594540706834,60.8076793341834,1200,5,328.602794365224,0.640418944277163,"T31s"
89,50,180,43,365.712310803612,2988.66762743654,-298.416477210536,68.8169711098063,1200,15,378.722695897375,0.65100068111246,"T31s"
90,50,180,43,907.250523463869,3157.24995825338,-315.507655445816,86.3991133353616,1200,5,946.497583640052,0.410095981358029,"T31s"
91,50,180,43,319.164842248764,3708.55072873102,-370.246723349347,68.1480775791258,1200,1,329.929502918489,0.671091209946242,"T31s"
92,50,180,43,409.890707620146,2710.29378053878,-270.654978094018,64.9987363799197,1200,44,423.724366462909,0.599834299112366,"T31s"
93,50,180,43,610.231485099641,4415.15965513462,-441.07697936093,84.197638784947,1200,1,626.796850981958,0.564947866804251,"T31s"
94,50,180,43,409.890707620146,3646.73054449522,-364.246937891596,71.4186978812889,1200,15,422.392832482928,0.627134854078712,"T31s"
95,50,180,43,319.164842248764,2957.2824272691,-295.120677885355,65.7299729416743,1200,1,328.957082822793,0.692718498949727,"T31s"
96,50,180,43,610.231485099641,2382.72251196817,-237.959214754322,74.7204352584344,1200,15,628.1590919423,0.536540455603407,"T31s"
97,50,180,43,319.164842248764,2248.64388048241,-224.249450124439,58.6958757991573,1200,1,329.395498944455,0.639855748593685,"T31s"
98,50,180,43,319.164842248764,3104.60902892964,-309.980878944895,64.9766542396779,1200,15,328.491247828748,0.661896694128434,"T31s"
99,50,180,43,409.890707620146,2986.18213294621,-298.248995201558,72.1809903849675,1200,44,424.702845572276,0.621956360927749,"T31s"
100,50,180,43,610.231485099641,3320.76899710821,-331.68585823236,83.277177730001,1200,5,630.76219031943,0.540758463532377,"T31s"
101,50,180,43,319.164842248764,2890.48243193171,-288.438514567966,65.6590640512232,1200,1,328.413460446801,0.674514804109149,"T31s"
102,50,180,43,610.231485099641,5077.10806573766,-507.416881315615,82.0612155618285,1200,18,630.466521508558,0.530454118668352,"T31s"
103,50,180,43,409.890707620146,3552.61208920944,-354.837064530706,73.192717559927,1200,15,423.233921895711,0.635995547243052,"T31s"
104,50,180,43,319.164842248764,5154.15381795425,-514.806826316368,70.1085325430133,1200,1,330.242853095789,0.660653570713648,"T31s"
105,50,180,43,610.231485099641,4692.83730498295,-468.887322656921,79.9466148076421,1200,5,628.856066373654,0.509409204605666,"T31s"
106,50,180,43,821.952810327012,3059.41440220382,-305.677986720141,90.613909482687,1200,5,853.401065093094,0.482542033371571,"T31s"
107,50,180,43,319.164842248764,2086.11693488553,-208.001424288246,61.5302286958425,1200,1,330.393740586377,0.671223130893261,"T31s"
108,50,180,43,409.890707620146,4599.43612533776,-459.518072865656,72.9063808373733,1200,15,423.033223242792,0.624177804482283,"T31s"
109,50,180,43,319.164842248764,3366.07200902006,-336.046400042154,66.427966894864,1200,5,330.543886919797,0.665318705732091,"T31s"
110,50,180,43,409.890707620146,2681.82536725229,-267.668404986566,64.2533411743016,1200,5,422.564115920164,0.597963205314186,"T31s"
111,50,180,43,319.164842248764,2193.07053176774,-218.822602915099,56.6508561156958,1200,15,331.036385675662,0.63041481937954,"T31s"
112,50,180,43,319.164842248764,3208.11340582565,-320.247992476404,65.3080045560372,1200,5,329.265169010066,0.65110132049578,"T31s"
113,50,180,43,409.890707620146,2455.49843309402,-245.121443755518,66.6925408221686,1200,15,424.028037677392,0.610439897269573,"T31s"
114,50,180,43,409.890707620146,2401.24672600084,-239.614073235773,67.0755293685013,1200,5,424.194050433101,0.614291804780105,"T31s"
115,50,180,43,610.231485099641,3665.16743473855,-366.075971157517,82.1858697396947,1200,1,627.318805864999,0.550721802722091,"T31s"
116,50,180,43,821.952810327012,2755.28770910478,-275.212412704839,83.3407148656207,1200,1,855.51656209359,0.448673683431064,"T31s"
117,50,180,43,319.164842248764,2916.47346602204,-291.090373425997,68.156426422212,1200,5,332.867469397799,0.684165878197636,"T31s"
118,50,180,43,409.890707620146,3126.20852955357,-312.192687994507,69.8463630759096,1200,15,423.704045025105,0.604178925898329,"T31s"
119,50,180,43,319.164842248764,2649.61508501298,-264.35112259895,63.5454536854345,1200,1,331.65066478862,0.655945022080967,"T31s"
120,50,180,43,409.890707620146,5292.94897205108,-528.783544718697,70.637185807862,1200,5,423.97801627689,0.596159184795473,"T31s"
121,50,180,43,409.890707620146,4178.62769185374,-417.304000339037,72.3924841726969,1200,1,420.903310776871,0.617609915927821,"T31s"
122,50,180,43,409.890707620146,2965.71802178199,-296.200678144522,66.4418837187505,1200,44,425.663210192562,0.616378106689711,"T31s"
123,50,180,43,319.164842248764,3278.10302159339,-327.385148772913,64.1789268736492,1200,44,328.721915471341,0.653870678815661,"T31s"
124,50,180,43,319.164842248764,3362.83684869454,-335.674200161411,67.1335757344673,1200,1,329.349653821244,0.666531916929491,"T31s"
125,50,180,43,319.164842248764,4444.85896762358,-443.878286965622,69.2701591355898,1200,1,330.372190589112,0.672144163164925,"T31s"
126,50,180,43,319.164842248764,3099.93056113729,-309.513609711383,64.966530144143,1200,15,329.904226044116,0.659394261770513,"T31s"
127,50,180,43,409.890707620146,2160.49009298433,-215.534887353031,64.9228311169555,1200,5,424.490820459821,0.584495948668255,"T31s"
128,50,180,43,319.164842248764,2774.04518728777,-276.842549369275,63.3838469472111,1200,5,329.992013683811,0.667027088881143,"T31s"
129,50,180,43,319.164842248764,2525.40542897395,-252.060298377256,61.4619262579163,1200,15,330.962355797262,0.656870804138994,"T31s"
130,50,180,43,409.890707620146,2126.56745172532,-212.140959501054,59.9530616809393,1200,5,423.53202115047,0.590064581964957,"T31s"
131,50,180,43,319.164842248764,1539.66434540724,-153.479093423774,53.3654698609674,1200,15,330.224249011734,0.617234828640678,"T31s"
132,50,180,43,319.164842248764,4468.78590839765,-446.270101570852,69.7752160441081,1200,1,329.50521241082,0.666765790002191,"T31s"
133,50,180,43,319.164842248764,3720.95998867702,-371.512831689236,66.8185037645293,1200,3,331.512457932019,0.664271255936493,"T31s"
134,50,180,43,409.890707620146,2369.54191889435,-236.440023147314,61.1542174654783,1200,5,424.779127999832,0.594894100272306,"T31s"
135,50,180,43,409.890707620146,2989.78293423354,-298.55016560744,70.2135315584327,1200,15,421.776406239948,0.614665531996209,"T31s"
136,50,180,43,409.890707620146,3745.5931724191,-374.048624325131,69.7862906008534,1200,5,423.451752050203,0.608686870391772,"T31s"
137,50,180,43,610.231485099641,2171.14187554965,-216.793332102924,67.0301269147247,1200,15,628.913040449516,0.479549730072146,"T31s"
138,50,180,43,319.164842248764,2100.76927959415,-209.511171142118,59.4374943289206,1200,5,331.141772381316,0.635543733189929,"T31s"
139,50,180,43,319.164842248764,2161.87852849858,-215.622436544127,59.6448759723982,1200,5,330.559949018452,0.641680067078863,"T31s"
140,50,180,43,610.231485099641,4382.46402210769,-437.811901057568,89.0595444672595,1200,1,629.745290973621,0.576247743183943,"T31s"
141,50,180,43,409.890707620146,5656.02637732617,-565.184459028009,86.5833554888952,1200,15,425.017008489994,0.640528199114626,"T31s"
142,50,180,43,409.890707620146,3787.87593366026,-378.280258295182,73.3969562710198,1200,5,425.382026156958,0.618875223953016,"T31s"
143,50,180,43,319.164842248764,2308.46295530331,-230.230415349405,56.376165017591,1200,1,329.795247721544,0.635814083234476,"T31s"
144,50,180,43,319.164842248764,2444.82989358868,-244.00028022945,59.5878621713691,1200,15,330.197002953845,0.642973667184604,"T31s"
145,50,180,43,319.164842248764,2629.64062295436,-262.398308181471,59.9514668282862,1200,5,331.285253570601,0.633013517850881,"T31s"
146,50,180,43,610.231485099641,2546.11251422181,-254.295891488266,73.6319354972044,1200,15,626.932291349162,0.524150348013179,"T31s"
147,50,180,43,319.164842248764,4466.94085214007,-446.135638060156,71.05484716829,1200,5,330.322715181458,0.674733841717762,"T31s"
148,50,180,43,319.164842248764,5609.25741573165,-560.317160879048,70.3317474297061,1200,1,328.133372178522,0.672066081769539,"T31s"
149,50,180,43,610.231485099641,3616.13638773873,-361.22011979761,81.1573437145247,1200,5,629.333812714997,0.531451820088716,"T31s"
150,50,180,43,319.164842248764,2084.09415238428,-207.794518048007,57.7446478630375,1200,1,329.474280372464,0.642970422018369,"T31s"
151,50,180,43,409.890707620146,3215.63583247796,-321.054857491712,72.5701195498762,1200,5,424.473461123446,0.613068994146436,"T31s"
152,50,180,43,409.890707620146,2229.83445796503,-222.467228476907,61.884311092454,1200,5,421.293173841987,0.592480292790652,"T31s"
153,50,180,43,319.164842248764,2506.00997843154,-250.120652674718,63.7592935278764,1200,15,329.540334797689,0.656571259672317,"T31s"
154,50,180,43,409.890707620146,2126.7823482378,-212.116280263431,65.0265714791646,1200,1,420.119046861535,0.614919135266044,"T31s"
155,50,180,43,319.164842248764,4035.30064738517,-402.919694235577,65.5577865393939,1200,1,328.979238882395,0.665105510014177,"T31s"
156,50,180,43,409.890707620146,6500.30097428821,-649.471315658378,74.4940945135328,1200,1,420.232567344932,0.614420856655971,"T31s"
157,50,180,43,319.164842248764,3323.01425723193,-331.689106105055,63.651522811682,1200,1,328.596569775446,0.65421956520101,"T31s"
158,50,180,43,319.164842248764,3816.45149158953,-381.088476582808,72.6131397915881,1200,5,329.646380578466,0.691263748880179,"T31s"
159,50,180,43,610.231485099641,3014.53494792881,-301.138559031049,74.6548798213256,1200,15,628.958266168822,0.513064755491395,"T31s"
160,50,180,43,610.231485099641,2046.91446182062,-204.243491185342,69.1074977073693,1200,1,627.30803844207,0.522552910127054,"T31s"
161,50,180,43,409.890707620146,3122.09310654211,-311.647696210609,65.156251576714,1200,1,422.425701236174,0.604319480591815,"T31s"
162,50,180,43,409.890707620146,6830.16261435276,-682.593947798308,77.5799728933027,1200,15,424.714265545957,0.630970991679594,"T31s"
163,50,180,43,319.164842248764,2402.76667446445,-239.663010831043,58.7334730947075,1200,1,328.777129880276,0.656180973350671,"T31s"
164,50,180,43,319.164842248764,1439.57586099591,-143.33814324967,50.3675710289299,1200,1,329.815530131404,0.620096731617978,"T31s"
165,50,180,43,610.231485099641,2256.02429671349,-225.205505635838,74.4443161209947,1200,5,627.817480922209,0.528697585046922,"T31s"
166,50,180,43,319.164842248764,2283.57339966937,-227.74319669652,59.5881224241277,1200,1,330.434337072465,0.638717314504848,"T31s"
167,50,180,43,319.164842248764,2921.91792988311,-291.628157310744,62.472278724233,1200,5,330.130853646352,0.652585763303251,"T31s"
168,50,180,43,409.890707620146,1925.75175434717,-192.152754363248,59.9481113456026,1200,17,423.801482325856,0.583960473674236,"T31s"
169,50,180,43,610.231485099641,2786.49278373605,-278.336188630078,76.7402149758047,1200,15,628.078360856909,0.529749734965622,"T31s"
170,50,180,43,409.890707620146,2566.45068455319,-256.084942437604,67.0388422981493,1200,1,422.810589427566,0.610664388870794,"T31s"
171,50,180,43,610.231485099641,5383.1482073313,-537.875248618314,86.1016726933912,1200,1,628.438081124917,0.543087169313171,"T31s"
172,50,180,43,409.890707620146,2290.82662281946,-228.516607025335,60.8648404242946,1200,1,422.649811713634,0.572897757418309,"T31s"
173,50,180,43,319.164842248764,2294.30704050976,-228.819857483443,61.6423446603414,1200,1,330.179132191383,0.666338141070466,"T31s"
174,50,180,43,409.890707620146,2554.39114008812,-254.924940285248,62.5238123052816,1200,5,424.042515583444,0.594611983920491,"T31s"
175,50,180,43,610.231485099641,3588.72841389472,-358.477377051507,79.8959901727642,1200,5,629.970019688963,0.512460320919361,"T31s"
176,50,180,43,409.890707620146,2595.2167846933,-259.006540140937,60.7233067830468,1200,5,424.106636327523,0.590590439867415,"T31s"
177,50,180,43,319.164842248764,4135.39364275899,-412.976374038891,66.2444658251467,1200,5,332.052858612023,0.635160300328968,"T31s"
178,50,180,43,610.231485099641,1715.31486190033,-171.213382365767,67.0768608790012,1200,15,628.52345575632,0.509201902610748,"T31s"
179,50,180,43,319.164842248764,3389.11902934974,-338.301128830835,65.1231279646058,1200,1,331.339848914899,0.64863241856676,"T31s"
180,50,180,43,319.164842248764,2317.44645617358,-231.180936473749,60.9380050551744,1200,5,330.591032502486,0.654258413999181,"T31s"
181,50,180,43,319.164842248764,3662.49209601573,-365.769781495383,64.0798274610076,1200,15,329.015805588642,0.66775890163035,"T31s"
182,50,180,43,319.164842248764,3250.34359306494,-324.556845668799,65.7002977510796,1200,15,329.795881958467,0.676913334416819,"T31s"
183,50,180,43,610.231485099641,2554.86980581907,-255.03947350422,71.852947540696,1200,1,629.685353288835,0.503896396037371,"T31s"
184,50,180,43,409.890707620146,2656.60453200508,-265.098252942824,63.370557547378,1200,1,424.236869425369,0.593759722685686,"T31s"
185,50,180,43,319.164842248764,3201.85232772599,-319.572378361078,61.1686205128342,1200,1,330.267192052175,0.647320782510068,"T31s"
186,50,180,43,409.890707620146,2296.39436391176,-229.123954609107,62.4446745078575,1200,5,423.70751605871,0.583765776973256,"T31s"
187,50,180,43,610.231485099641,3193.74012637265,-318.930707340036,76.0917792767614,1200,1,629.651611798913,0.531983240844199,"T31s"
188,50,180,43,610.231485099641,3364.45494671764,-336.000111760739,75.918933576327,1200,1,629.822358512898,0.51077886277702,"T31s"
189,50,180,43,319.164842248764,4488.75293245984,-448.316323390212,71.1738749377134,1200,5,329.567910330638,0.673550091813099,"T31s"
190,50,180,43,319.164842248764,3332.93090802412,-332.809758865534,61.3972464855898,1200,15,329.092945125426,0.637208769352932,"T31s"
191,50,180,43,319.164842248764,3108.7521750861,-310.263793331561,63.3614493086275,1200,1,328.440727852974,0.66505760496421,"T31s"
192,50,180,43,409.890707620146,3019.50798121048,-301.440850150149,69.0254581916258,1200,5,423.0515183642,0.621026753035543,"T31s"
193,50,180,43,409.890707620146,1369.51437754992,-136.383714616387,55.6894697870951,1200,1,423.426962158665,0.568898699729747,"T31s"
194,50,180,43,610.231485099641,5504.60721825871,-550.069827813791,85.3131908259122,1200,5,631.456846256086,0.531360205617423,"T31s"
195,50,180,43,409.890707620146,2283.50532979145,-227.789901830081,64.9993437006622,1200,1,420.210667659118,0.627705061508929,"T31s"
196,50,180,43,319.164842248764,4718.42277106825,-471.361254037835,66.3188626980462,1200,15,328.970583009092,0.644611838014399,"T31s"
197,50,180,43,319.164842248764,3309.29589733398,-330.449943609389,65.3645567225214,1200,15,328.761725209572,0.662790883024588,"T31s"
198,50,180,43,319.164842248764,3628.68457390643,-362.310489816444,69.9902224251594,1200,5,329.297964703226,0.689106331375861,"T31s"
199,50,180,43,409.890707620146,2281.19625013269,-227.692227774313,64.7842968870613,1200,15,425.488505929432,0.61823286995429,"T31s"
200,50,180,43,319.164842248764,1733.70767114795,-172.894813446098,55.8565034630147,1200,17,329.949181656995,0.61434555120212,"T31s"
201,50,180,43,409.890707620146,2903.70582483577,-290.125520159067,68.6876147604149,1200,49,425.438475829658,0.617187080199862,"T31s"
202,50,180,43,319.164842248764,2181.06397242699,-217.540605013273,60.1633041132566,1200,5,329.572038943257,0.642003972059654,"T31s"
203,50,180,43,319.164842248764,2832.3089660373,-282.620892439478,62.749622997077,1200,1,329.546133997726,0.674794764883461,"T31s"
204,50,180,43,319.164842248764,3337.31498711829,-333.171883312054,68.5587186186518,1200,5,330.283794189068,0.671600757993552,"T31s"
205,50,180,43,409.890707620146,1992.58692205713,-198.822939134604,59.8377674157917,1200,15,421.665301240154,0.573652419346992,"T31s"
206,50,180,43,409.890707620146,5073.40502573305,-506.915126562202,74.8739507402884,1200,15,422.121714469031,0.624617624627973,"T31s"
207,50,180,43,319.164842248764,2996.47149881011,-299.03774625958,65.7762905294026,1200,1,331.156008778955,0.66124144966193,"T31s"
208,50,180,43,409.890707620146,2882.78638619211,-287.719623646589,66.445080556467,1200,1,425.927633176223,0.605418494151567,"T31s"
209,50,180,43,409.890707620146,2756.94125563891,-275.180472908428,64.4965059364857,1200,5,424.330428126911,0.591553416299426,"T31s"
210,50,180,43,409.890707620146,2493.49545143629,-248.838147048143,67.9165497021842,1200,5,423.08932715214,0.609999464165263,"T31s"
211,50,180,43,319.164842248764,2741.41465937964,-273.527659937673,62.3735007301188,1200,1,329.332149576364,0.63928887727356,"T31s"
212,50,180,43,319.164842248764,3039.6973734596,-303.499051379402,62.8181057553721,1200,17,330.103834339037,0.642907509969935,"T31s"
213,50,180,43,319.164842248764,2738.67581234385,-273.302678038485,60.4203764538112,1200,5,330.359790104388,0.64540356916632,"T31s"
214,50,180,43,409.890707620146,2533.13486174902,-252.884772188361,64.1701540707112,1200,15,422.974087986261,0.621903230611707,"T31s"
215,50,180,43,409.890707620146,1683.58204936788,-167.791343334722,57.1416592431646,1200,1,424.898215186571,0.564019004028411,"T31s"
216,50,180,43,409.890707620146,3504.40200408462,-349.880350860216,68.2847487740424,1200,1,423.204795787196,0.606957201039086,"T31s"
217,50,180,43,409.890707620146,4134.16025470992,-412.857213437153,70.6745647577753,1200,1,422.419887537952,0.613983399178644,"T31s"
218,50,180,43,409.890707620146,2466.78574447334,-246.167022722805,68.8912284672633,1200,5,423.387900123603,0.603457932916084,"T31s"
219,50,180,43,319.164842248764,2926.86785680519,-292.075889990793,63.4590551139001,1200,1,331.266715983255,0.653393665912982,"T31s"
220,50,180,43,409.890707620146,3819.05751788143,-381.346016612133,70.2883624435584,1200,1,421.109482790456,0.613747581738508,"T31s"
221,50,180,43,409.890707620146,2173.76979537598,-216.81458787839,63.6418698759811,1200,1,422.501372950425,0.601150135805791,"T31s"
222,50,180,43,319.164842248764,6871.27453550443,-686.521869557156,76.961102048627,1200,1,328.965226025899,0.675041983415278,"T31s"
223,50,180,43,409.890707620146,2573.8818479625,-256.825828793961,64.6356718736597,1200,1,424.34243914143,0.587364230554258,"T31s"
224,50,180,43,610.231485099641,4441.76895368021,-443.734224926401,81.867256835691,1200,1,627.548732069232,0.531450085829494,"T31s"
225,50,180,43,610.231485099641,2900.34711522437,-289.591031391763,74.4882617400311,1200,1,631.829772417595,0.520767255328079,"T31s"
226,50,180,43,319.164842248764,3182.40021293337,-317.67644611945,63.692738812117,1200,5,328.458931701497,0.658957434788821,"T31s"
227,50,180,43,319.164842248764,1853.29184370401,-184.846001812111,57.3210199240154,1200,15,331.385639505149,0.638803539576717,"T31s"
228,50,180,43,319.164842248764,4043.91297594025,-403.928345266416,69.6094102812129,1200,17,330.292901082394,0.696494060389183,"T31s"
229,50,180,43,409.890707620146,2322.59049575966,-231.840279898138,63.7557159926111,1200,17,424.742585192776,0.602246495378862,"T31s"
230,50,180,43,319.164842248764,2168.57024770116,-216.29149581926,59.985861950752,1200,5,330.391013215209,0.640410735928036,"T31s"
231,50,180,43,319.164842248764,3314.72492331984,-330.858353566924,59.9738060360395,1200,1,331.10965280052,0.633504310573208,"T31s"
232,50,180,43,319.164842248764,3480.41329878846,-347.48228549322,69.1799044911789,1200,5,329.910020838052,0.677438946673986,"T31s"
233,50,180,43,610.231485099641,3068.22552480165,-306.381980557776,78.3573493160195,1200,1,637.007055371975,0.508497773982825,"T31s"
234,50,180,43,319.164842248764,5573.58181899289,-556.751843427294,72.2147977411252,1200,1,330.511121297813,0.674224709093545,"T31s"
235,50,180,43,319.164842248764,3077.9445934972,-307.326101756409,65.024007810587,1200,17,330.235820433481,0.658061846792752,"T31s"
236,50,180,43,319.164842248764,3215.16194041443,-321.04504931762,61.811340779024,1200,17,330.901763156284,0.636982121646151,"T31s"
237,50,180,43,409.890707620146,3103.20407560124,-309.90176931666,68.2058868758835,1200,17,423.339679534615,0.596979322289863,"T31s"
238,50,180,43,409.890707620146,2418.9395236683,-241.331496521485,61.8255474008805,1200,1,426.681493361006,0.581973739095463,"T31s"
239,50,180,43,319.164842248764,2389.96272453132,-238.381501186259,59.0701459277332,1200,1,328.80223466653,0.643764540652636,"T31s"
240,50,180,43,319.164842248764,2368.62186271361,-236.247900504564,58.4063972257724,1200,1,329.013239697866,0.649590831027248,"T31s"
241,50,180,43,319.164842248764,2506.10368554284,-250.131864542184,63.3841583718872,1200,15,330.865628125632,0.668437430447207,"T31s"
242,50,180,43,319.164842248764,2210.6211985754,-220.593473350537,60.801649193944,1200,17,331.364204337299,0.66260968621542,"T31s"
243,50,180,43,409.890707620146,4073.01016997839,-406.887152076058,72.732422735129,1200,17,423.951180590623,0.626027021225253,"T31s"
244,50,180,43,319.164842248764,2396.78425732099,-239.114880564869,63.7541036008833,1200,5,328.684578636676,0.657725617151493,"T31s"
245,50,180,43,409.890707620146,2644.3111825191,-263.91942279319,67.9459328063029,1200,5,422.623306961215,0.609669183382444,"T31s"
246,50,180,43,610.231485099641,2592.405463868,-258.93526201589,71.0783603237757,1200,17,627.929407506349,0.517474148279056,"T31s"
247,50,180,43,409.890707620146,2711.07518522197,-270.544880313076,64.2528245982197,1200,1,423.769336641525,0.58918951099122,"T31s"
248,50,180,43,409.890707620146,3531.09079116731,-352.697472207413,74.0494051860678,1200,17,425.468490995807,0.635291849018263,"T31s"
249,50,180,43,409.890707620146,3619.97731067044,-361.442215180404,73.1501563859122,1200,1,423.978132332581,0.629526753229295,"T31s"
250,50,180,43,319.164842248764,3609.27093002895,-360.320659558236,70.3375848157186,1200,1,329.162388896511,0.687466078876723,"T31s"
251,50,180,43,409.890707620146,1594.91207309251,-159.067797175102,59.8532944022347,1200,17,422.202187872938,0.583793517782862,"T31s"
252,50,180,43,610.231485099641,4926.87521289055,-492.392674371135,87.6266374422481,1200,17,631.260343112244,0.547094015586644,"T31s"
253,50,180,43,319.164842248764,2585.08705620029,-257.940126607946,57.8486822860439,1200,5,328.82525503893,0.626244398082801,"T31s"
254,50,180,43,319.164842248764,7098.12681022988,-709.344298113387,67.8336389930049,1200,17,329.522386395736,0.652639917431992,"T31s"
255,50,180,43,319.164842248764,2281.99058545164,-227.725692508379,57.545515271224,1200,17,329.622368993741,0.636514258394554,"T31s"
256,50,180,43,409.890707620146,3669.91274336306,-366.576646440679,73.1455716768148,1200,17,424.626185940009,0.613049499925639,"T31s"
257,50,180,43,610.231485099641,2806.39502291084,-280.336434027148,73.2569235954824,1200,17,628.935923340377,0.526452659058746,"T31s"
258,50,180,43,409.890707620146,3375.21629980466,-337.107478188625,72.8128864172283,1200,17,426.262282281312,0.609295392524337,"T31s"
259,50,180,43,409.890707620146,2969.1051703832,-296.491943522402,66.9119152915976,1200,17,421.849975067869,0.610702803825514,"T31s"
260,50,180,43,319.164842248764,3403.5258486325,-339.74442686777,66.3080888699116,1200,1,330.677137637984,0.674741937101365,"T31s"
261,50,180,43,409.890707620146,2436.98504000809,-243.140546085433,67.768223197757,1200,1,424.069533965389,0.622508586503458,"T31s"
262,50,180,43,409.890707620146,3297.16274719389,-329.301726224938,72.6655360896144,1200,17,423.028111267677,0.624844069547705,"T31s"
263,50,180,43,409.890707620146,4374.87677020072,-437.073389760764,72.4988949372964,1200,17,423.03186198729,0.627989828434383,"T31s"
264,50,180,43,610.231485099641,3876.98243594236,-387.404462610328,84.9248238062543,1200,17,631.193343203279,0.567153518275671,"T31s"
265,50,180,43,409.890707620146,3079.37808536802,-307.517870571068,63.3170594413074,1200,17,424.571100505544,0.593034538274667,"T31s"
266,50,180,43,610.231485099641,2783.26693262097,-278.023925816863,76.0813368515984,1200,17,630.294403024729,0.51205507826282,"T31s"
267,50,180,43,409.890707620146,5422.50463621499,-541.84083045257,81.4031443177094,1200,17,422.3064595243,0.649116974278561,"T31s"
268,50,180,43,409.890707620146,2745.80267199624,-274.021558457908,68.1975134023319,1200,1,423.857902805477,0.614814244928949,"T31s"
269,50,180,43,409.890707620146,3796.07823922698,-379.191130094799,67.5764963679774,1200,17,424.551024054328,0.611395890312802,"T31s"
270,50,180,43,610.231485099641,3518.03946847393,-351.503331260184,78.6632156250087,1200,17,632.646077810395,0.511134014838253,"T31s"
271,50,180,43,409.890707620146,1975.21701727824,-197.1016052384,60.814889386104,1200,17,425.134576238755,0.596475305089025,"T31s"
272,50,180,43,931.031559725274,4209.28144835377,-420.825014027338,98.5780106736633,1200,17,967.108207527641,0.452174863931141,"T31s"
273,50,180,43,319.164842248764,2580.96303505642,-257.625602228269,61.6661156957858,1200,17,329.32257519195,0.651190010723823,"T31s"
274,50,180,43,409.890707620146,3465.29910169735,-346.019748211211,68.9848574011353,1200,5,422.700580090532,0.621086555536526,"T31s"
275,50,180,43,409.890707620146,2572.01767891553,-256.785699187656,68.3234744648191,1200,17,423.615165887052,0.620662251379146,"T31s"
276,50,180,43,610.231485099641,6781.89270265526,-677.748251387158,84.2423958355305,1200,1,631.754541645174,0.515308532026555,"T31s"
277,50,180,43,610.231485099641,3532.44745965591,-352.948098930259,79.5388585069477,1200,17,631.863768853988,0.552502541397627,"T31s"
278,50,180,43,319.164842248764,2959.09912918215,-295.295150147555,59.8222710895073,1200,1,329.127741127399,0.639427675025654,"T31s"
279,50,180,43,319.164842248764,3937.42119029374,-393.274879852444,67.8904742748136,1200,17,330.100169004598,0.66048907197265,"T31s"
280,50,180,43,409.890707620146,3465.85354114761,-346.076945046862,70.7468381397506,1200,5,424.336809161071,0.62311731576958,"T31s"
281,50,180,43,409.890707620146,3181.93990939731,-317.775870457636,69.2531523867967,1200,17,424.640783934911,0.59101249564846,"T31s"
282,50,180,43,409.890707620146,2235.70671998741,-223.153001927564,63.9644704849738,1200,17,425.278877973606,0.609392050155219,"T31s"
283,50,180,43,409.890707620146,1875.90895353251,-187.168996513819,61.1154337576346,1200,17,424.448139010703,0.581487856475166,"T31s"
284,50,180,43,409.890707620146,3669.56956627385,-366.544753617841,74.7997984752607,1200,17,424.496662935371,0.632546171457368,"T31s"
285,50,180,43,409.890707620146,1978.52363320169,-197.288311494096,60.1626021301007,1200,1,422.845794146927,0.594120019267401,"T31s"
286,50,180,43,409.890707620146,2555.43634085261,-255.123065921087,63.3327940561425,1200,17,422.661995452094,0.59791013488175,"T31s"
287,50,180,43,319.164842248764,4744.58492047746,-473.990532487119,66.8836375628421,1200,17,329.613493782821,0.659504152790892,"T31s"
288,50,180,43,319.164842248764,2438.44537360944,-243.375218278934,62.901071210693,1200,17,329.051901404744,0.662487644711656,"T31s"
289,50,180,43,409.890707620146,9060.26587597651,-905.621643336983,91.2721838852621,1200,17,425.123348974343,0.646539320382408,"T31s"
290,50,180,43,409.890707620146,2625.33861072648,-262.019271650663,63.5846956355894,1200,5,423.838723232667,0.588117500482048,"T31s"
291,50,180,43,409.890707620146,2418.01346768236,-241.379364736165,63.3158950036568,1200,17,423.232865733477,0.580469725606044,"T31s"
292,50,180,43,319.164842248764,3936.13754061606,-393.049383921623,64.0103292077207,1200,5,329.947481177064,0.641192965793391,"T31s"
293,50,180,43,610.231485099641,6009.48611219192,-600.650298624074,86.3689971223345,1200,17,626.574529798977,0.544192985739235,"T31s"
294,50,180,43,409.890707620146,1672.31925165091,-166.808807826323,58.0996759165573,1200,17,423.982690340486,0.582093322619534,"T31s"
295,50,180,43,409.890707620146,2846.37370969759,-284.219097022131,65.3130730592942,1200,17,424.773139171748,0.601832877857388,"T31s"
296,50,180,43,409.890707620146,3540.90311313991,-353.674492859161,71.5935743580192,1200,17,423.072447013589,0.615456873027179,"T31s"
297,50,180,43,409.890707620146,3885.11867180418,-387.956590116212,73.2125138929703,1200,1,423.658718485494,0.63358602419637,"T31s"
298,50,180,43,409.890707620146,2520.40907849365,-251.623673517099,66.8186053060843,1200,17,424.102154730889,0.611157557960912,"T31s"
299,50,180,43,409.890707620146,2144.77140852672,-214.054710950046,61.6116273620805,1200,17,422.51701222555,0.585882815184701,"T31s"
300,50,180,43,409.890707620146,5779.77933440103,-577.567064359013,80.6742374320645,1200,17,425.420451803394,0.620869940639865,"T31s"
301,50,180,43,610.231485099641,5811.08990625683,-580.810995097371,81.5875539045538,1200,17,633.826024140926,0.520645948783663,"T31s"
302,50,180,43,409.890707620146,3700.33152510201,-369.615877564851,67.8848022448565,1200,17,423.140485829974,0.612854313211962,"T31s"
303,50,180,43,409.890707620146,2754.68751391399,-275.051295741937,65.8805018245645,1200,17,424.019545990358,0.61255733137841,"T31s"
304,50,180,43,409.890707620146,2056.90459916898,-205.268494622125,59.6262747349626,1200,17,422.161558771097,0.599237638482375,"T31s"
305,50,180,43,319.164842248764,2134.43900182877,-212.973211005522,59.041417101502,1200,17,330.38331202634,0.653820377785723,"T31s"
306,50,180,43,319.164842248764,2264.50160961822,-225.979438555025,59.7946060047018,1200,17,330.549527059924,0.649999718196269,"T31s"
307,50,180,43,319.164842248764,3582.79816187704,-357.816471538237,68.1186136367467,1200,17,334.174889020498,0.674704940792331,"T31s"
308,50,180,43,409.890707620146,4009.99662858192,-400.583588611964,69.1092169391683,1200,17,425.018694672592,0.609731634811301,"T31s"
309,50,180,43,409.890707620146,2797.32851786222,-279.316633091463,68.9436452062994,1200,17,421.609881764094,0.628890895908247,"T31s"
310,50,180,43,319.164842248764,2728.95693340147,-272.423892283344,60.767562091456,1200,17,329.362703908393,0.642951343821875,"T31s"
311,50,180,43,409.890707620146,3586.58419473464,-358.102572547125,72.6284915114456,1200,1,424.826442340566,0.622965180282454,"T31s"
312,50,180,43,409.890707620146,2280.91638824857,-227.624209648171,61.5438859894631,1200,10,423.673750845529,0.591182816104123,"T31s"
313,50,180,43,409.890707620146,4134.35627872067,-413.023145339053,77.0430797999713,1200,17,422.704842869399,0.632813450368381,"T31s"
314,50,180,43,409.890707620146,3021.58145906242,-301.740637817409,67.903518980526,1200,17,421.630039636771,0.619345466870463,"T31s"
315,50,180,43,319.164842248764,2125.09457220851,-211.941943099213,57.9663593299326,1200,5,330.069761493437,0.629180419519011,"T31s"
316,50,180,43,409.890707620146,2925.71926715876,-292.010940655509,66.5271757868163,1200,1,423.098690136626,0.602074807349664,"T31s"
317,50,180,43,409.890707620146,3878.26870052933,-387.273801851357,76.8366954148168,1200,1,425.616445434788,0.632078004535103,"T31s"
318,50,180,43,610.231485099641,2181.95833272159,-217.891949740717,71.8375967026846,1200,17,631.508888380349,0.507895985167901,"T31s"
319,50,180,43,319.164842248764,2030.66403903321,-202.594042623551,58.5564812225949,1200,17,329.197626474646,0.64569042745031,"T31s"
320,50,180,43,409.890707620146,6307.67844272874,-630.312462948039,82.3909316402415,1200,10,424.205962512876,0.639040525588334,"T31s"
321,50,180,43,409.890707620146,3897.05926883871,-389.242747750347,72.951772778679,1200,10,423.464322590128,0.596888889341872,"T31s"
322,50,180,43,319.164842248764,2904.97292085579,-290.02629252622,63.1806518614835,1200,17,329.913440300634,0.639683059859465,"T31s"
323,50,180,43,319.164842248764,2593.62647195686,-258.798658739919,59.3357765313289,1200,5,330.609666414766,0.656696442920489,"T31s"
324,50,180,43,409.890707620146,3569.34686413779,-356.519525445214,73.0260271308858,1200,17,422.578560162414,0.620162109881771,"T31s"
325,50,180,43,409.890707620146,4003.05179184825,-399.887242553545,68.017656071663,1200,17,424.16117784673,0.599790537141201,"T31s"
326,50,180,43,409.890707620146,2385.59457798022,-237.994317082323,62.6615153171951,1200,1,423.125887665904,0.573253803455926,"T31s"
327,50,180,43,319.164842248764,7567.3141679869,-756.270649540748,75.8539839851832,1200,17,331.745012434261,0.6889876798998,"T31s"
328,50,180,43,409.890707620146,3511.84427939154,-350.768762418339,71.6745834399555,1200,17,422.228076312315,0.621683069382692,"T31s"
329,50,180,43,319.164842248764,2521.07256909083,-251.542772144823,61.7021840346078,1200,5,329.72290047228,0.649061603232568,"T31s"
330,50,180,43,573.95251840939,2812.14417166675,-280.891931509749,75.2196911596233,1200,17,595.130656860041,0.524590679324876,"T31s"
331,50,180,43,610.231485099641,2991.48483648604,-298.702747791684,72.9918030463967,1200,1,630.718163634972,0.511737063707784,"T31s"
332,50,180,43,409.890707620146,2892.89858868039,-288.872405113473,68.8291408132535,1200,17,422.961058230279,0.608973882298624,"T31s"
333,50,180,43,319.164842248764,3150.13020376649,-314.54195334925,61.8736302708626,1200,17,328.207596003032,0.653399496318871,"T31s"
334,50,180,43,610.231485099641,2769.87028448373,-276.684248290806,75.21741575172,1200,17,631.459169797682,0.507956122681477,"T31s"
335,50,180,43,610.231485099641,5126.4728723038,-512.348489172669,85.2424519160484,1200,17,626.07504060413,0.546031682227656,"T31s"
336,50,180,43,319.164842248764,3540.97652518612,-353.539723567983,69.8604374592489,1200,5,330.958246171029,0.680158822050329,"T31s"
337,50,180,43,319.164842248764,1841.14244854774,-183.639219428962,56.4413113640578,1200,17,328.993918969822,0.627297812659046,"T31s"
338,50,180,43,409.890707620146,2301.67296684087,-229.604832181665,62.8941388878019,1200,1,424.113376537958,0.593431766250128,"T31s"
339,50,180,43,409.890707620146,2742.5313033292,-273.837047956854,68.8804145477135,1200,17,422.252672782128,0.626683728066624,"T31s"
340,50,180,43,573.95251840939,2587.30882795236,-258.313797865708,73.96005099825,1200,5,593.781080082815,0.528916984524483,"T31s"
341,50,180,43,409.890707620146,3362.22741937885,-335.664242301742,70.0898230693155,1200,1,422.50934281481,0.618530307591587,"T31s"
342,50,180,43,319.164842248764,2385.48424228649,-238.072126296977,55.8453695987904,1200,17,328.290578911672,0.620696521078979,"T31s"
343,50,180,43,409.890707620146,4030.21577024788,-402.610426025229,73.1337856447223,1200,17,425.288111483402,0.643964067707062,"T31s"
344,50,180,43,610.231485099641,3389.44666753259,-338.553718240662,81.579152899662,1200,5,632.246517849625,0.538616866528866,"T31s"
345,50,180,43,319.164842248764,2128.65287890891,-212.395826716877,60.6935883372922,1200,17,330.244835246825,0.661407743026566,"T31s"
346,50,180,43,319.164842248764,2291.66055231937,-228.698156466421,61.7422443984604,1200,17,331.666444174717,0.665173902350351,"T31s"
347,50,180,43,319.164842248764,2985.99799818741,-298.131828341175,63.7524433318163,1200,17,330.878850814063,0.662379020852662,"T31s"
348,50,180,43,409.890707620146,4270.19514370593,-426.605224821235,74.6217411479577,1200,17,421.855204236767,0.627812290080272,"T31s"
349,50,180,43,573.95251840939,2631.64006230528,-262.841081237496,73.2987688204668,1200,17,592.964509357503,0.539342436858412,"T31s"
350,50,180,43,319.164842248764,2275.22033204326,-227.051461595369,60.9981093942267,1200,17,329.105794489348,0.655988563161419,"T31s"
351,50,180,43,610.231485099641,3798.74990131327,-379.572924264887,77.1469558902718,1200,17,629.805040677445,0.518397404784907,"T31s"
352,50,180,43,409.890707620146,2552.32073929126,-254.811866936348,64.389894786773,1200,17,421.949734410237,0.602187950576787,"T31s"
353,50,180,43,319.164842248764,2010.00814697692,-200.434262418616,56.753915188118,1200,5,329.485078689363,0.64627963621921,"T31s"
354,50,180,43,610.231485099641,1750.73521127307,-174.761876228653,64.3981197088449,1200,17,627.019358121272,0.481489571231474,"T31s"
355,50,180,43,610.231485099641,2016.02509924444,-201.295503564482,67.6252914266894,1200,17,631.829871749965,0.488820580087643,"T31s"
356,50,180,43,409.890707620146,2079.63340106055,-207.398853815015,62.7207362634966,1200,1,422.211864159342,0.584977255757968,"T31s"
357,50,180,43,409.890707620146,3052.60264977888,-304.839471583244,66.355708637362,1200,17,423.238184290769,0.582192102141401,"T31s"
358,50,180,43,319.164842248764,3825.88359954803,-382.1211524112,67.2163026573457,1200,17,329.579613323394,0.666114736204634,"T31s"
359,50,180,43,409.890707620146,4888.24349301155,-488.410612118822,76.4124678897176,1200,17,424.326160544566,0.612831834084182,"T31s"
360,50,180,43,409.890707620146,2528.0321904643,-252.383381350076,63.0475947056502,1200,17,424.081599388133,0.597814866199171,"T31s"
361,50,180,43,610.231485099641,3725.27281033677,-372.223195674779,76.9364415925795,1200,17,624.156466850126,0.532131099400672,"T31s"
362,50,180,43,409.890707620146,3257.46929867014,-325.331379861295,70.6971435834813,1200,17,422.897761974405,0.622157025783151,"T31s"
363,50,180,43,1007.98411917389,3080.27037185123,-307.965862815263,95.9939533315325,1200,17,1043.0605356432,0.433574369507851,"T31s"
364,50,180,43,319.164842248764,2869.31161805076,-286.463642186156,62.5610498883059,1200,17,332.213001990048,0.663020970701279,"T31s"
365,50,180,43,610.231485099641,2733.26265630778,-273.020596817577,73.1448911464667,1200,17,627.220241275383,0.510912855349548,"T31s"
366,50,180,43,610.231485099641,2157.09814205194,-215.407372964212,73.3508711735837,1200,17,630.632638900415,0.522429050250579,"T31s"
367,50,180,43,610.231485099641,3031.59562136261,-302.857783084805,77.2295543886671,1200,17,627.962385765713,0.531829372833736,"T31s"
368,50,180,43,409.890707620146,7071.03533380539,-706.696453815977,87.0086960923183,1200,17,426.189117212398,0.633128682493414,"T31s"
369,50,180,43,319.164842248764,2636.10741389392,-263.140715776867,60.2018439121529,1200,17,329.895935216457,0.659454859123007,"T31s"
370,50,180,43,319.164842248764,2766.65555959355,-276.104991453333,64.038937649752,1200,5,330.771158651864,0.674308782307941,"T31s"
371,50,180,43,319.164842248764,2246.9178673249,-224.220609623197,58.8436111371709,1200,17,331.531917279282,0.642843910121757,"T31s"
372,50,180,43,409.890707620146,3901.49201655325,-389.733852035489,70.1366791550476,1200,17,423.95106299599,0.619833211003543,"T31s"
373,50,180,43,409.890707620146,2291.23999674488,-228.702371667788,60.1176990322091,1200,17,424.451088225621,0.587504617897355,"T31s"
374,50,180,43,319.164842248764,1924.46216859278,-191.974589072942,58.9505271116497,1200,17,330.189108560141,0.645879627933046,"T31s"
375,50,180,43,610.231485099641,3541.92507190927,-353.893410328163,78.9932532515347,1200,17,627.629726063963,0.554729085322716,"T31s"
376,50,180,43,610.231485099641,2546.10882936679,-254.303642708654,70.5207393676847,1200,17,627.170568268912,0.504238073855526,"T31s"
377,50,180,43,319.164842248764,2338.48154422541,-233.375761348604,57.3045712667745,1200,17,328.100620843255,0.655998493263908,"T31s"
378,50,180,43,409.890707620146,2341.44628412389,-233.724971503942,63.2232208578971,1200,17,422.822977518891,0.606440982809263,"T31s"
379,50,180,43,409.890707620146,1988.15261672732,-198.392774312755,61.4035088061199,1200,17,424.582084563148,0.57385448585988,"T31s"
380,50,180,43,409.890707620146,2055.00149105145,-205.076443448179,60.331958181066,1200,17,423.807019598957,0.569802557062578,"T31s"
381,50,180,43,319.164842248764,2931.22761699451,-292.654269703598,62.7325609324015,1200,17,329.400726666648,0.669268293906721,"T31s"
382,50,180,43,319.164842248764,3551.16580220419,-354.645488985283,62.1630453873456,1200,17,329.211633452077,0.64628659925893,"T31s"
383,50,180,43,319.164842248764,2581.25315177827,-257.652997919576,59.2210774053767,1200,17,330.698017515722,0.63508949237382,"T31s"
384,50,180,43,319.164842248764,3156.889876893,-315.218982808145,64.634445562188,1200,17,329.193932229102,0.649016263326606,"T31s"
385,50,180,43,319.164842248764,3389.79665519345,-338.510193729363,64.5396287752344,1200,17,328.998859187559,0.655810719490102,"T31s"
386,50,180,43,610.231485099641,6757.61561005761,-675.39681508501,93.0971502890178,1200,7,629.929062804145,0.569207922626394,"T31s"
387,50,180,43,319.164842248764,1596.93614881793,-159.219306264016,53.8151864556139,1200,17,330.421477188531,0.634822241426661,"T31s"
388,50,180,43,610.231485099641,2707.82560671885,-270.478427278412,72.7608273737861,1200,17,628.698414395831,0.518852129202883,"T31s"
389,50,180,43,610.231485099641,2931.80065775694,-292.874520262713,71.7952240878678,1200,17,627.458435269504,0.515243606602866,"T31s"
390,50,180,43,319.164842248764,2270.36338344141,-226.563947361476,58.4718314137076,1200,17,328.493416501572,0.649817976135405,"T31s"
391,50,180,43,409.890707620146,3864.66883189446,-386.051921631569,72.520763934918,1200,17,427.343187208381,0.595813209486205,"T31s"
392,50,180,43,409.890707620146,2535.48482619948,-253.129874570301,65.2703807792243,1200,17,424.517623164778,0.600137200614649,"T31s"
393,50,180,43,409.890707620146,6372.72127103499,-636.861116156738,81.1324178589172,1200,17,424.633192084237,0.62255495535999,"T31s"
394,50,180,43,319.164842248764,2116.5004358288,-211.177696393853,57.6464385479314,1200,17,328.653741233059,0.652064135417922,"T31s"
395,50,180,43,409.890707620146,3275.04297329937,-327.09311044048,76.6324826202503,1200,17,422.227159425014,0.649948445819684,"T31s"
396,50,180,43,319.164842248764,3041.04318708384,-303.634111266807,64.2078835971893,1200,17,329.870940589511,0.644430130199969,"T31s"
397,50,180,43,319.164842248764,3519.31933020143,-351.464012406721,66.5977245797155,1200,17,329.030010750669,0.664278921260705,"T31s"
398,50,180,43,409.890707620146,2617.37933506851,-261.322743421704,67.86233414162,1200,17,427.774083938881,0.606521349450815,"T31s"
399,50,180,43,409.890707620146,2802.49805075038,-279.828832494975,64.1305042509738,1200,17,423.29260548886,0.587497471206701,"T31s"
400,50,180,43,319.164842248764,3396.67120348221,-339.198432327636,67.3171953666153,1200,17,330.605267964588,0.644940394764949,"T31s"
401,50,180,43,409.890707620146,4115.63674105689,-411.151653190408,75.7714328030979,1200,17,425.575259994478,0.624783644405357,"T31s"
402,50,180,43,409.890707620146,4596.80901928,-459.268009263171,77.8912808010634,1200,17,422.748574134444,0.625627552816125,"T31s"
403,50,180,43,610.231485099641,3737.04066397899,-373.306704144214,75.2266967642166,1200,5,630.244037313221,0.507433606705474,"T31s"
404,50,180,43,319.164842248764,2675.99054568653,-267.033661645668,60.3561265836324,1200,5,329.934313556369,0.64322326777555,"T31s"
405,50,180,43,319.164842248764,2769.42042192652,-276.470864412435,61.2240267136535,1200,17,329.060618764898,0.649439532381531,"T31s"
406,50,180,43,409.890707620146,3030.18027788443,-302.600366884595,67.7364165430838,1200,17,424.682930060879,0.600416145878659,"T31s"
407,50,180,43,319.164842248764,2915.01256042558,-291.034964653028,63.6240866488501,1200,17,330.959622342428,0.679132630192751,"T31s"
408,50,180,43,319.164842248764,4507.24167046946,-450.254159755687,63.4323242131907,1200,17,329.293259492603,0.652414955430313,"T31s"
409,50,180,43,409.890707620146,2557.88714386339,-255.368163190241,63.907268181671,1200,17,423.238941198703,0.592771103384438,"T31s"
410,50,180,43,319.164842248764,3805.46486120456,-380.077183766551,63.8232979217665,1200,17,331.291930733804,0.646404193623533,"T31s"
411,50,180,43,319.164842248764,2252.88317315143,-224.817085959153,59.4937829058441,1200,17,330.256077794517,0.647639142070718,"T31s"
412,50,180,43,319.164842248764,2289.32722888898,-228.46184711261,61.4065974780381,1200,17,330.945200386502,0.640765228203707,"T31s"
413,50,180,43,319.164842248764,3219.6136816437,-321.493281996901,65.2797506983787,1200,17,329.882095103481,0.662004366162558,"T31s"
414,50,180,43,1063.75441752441,4305.81453474749,-430.551858076857,92.7744316076795,1200,17,1107.30506329227,0.382186842094399,"T31s"
415,50,180,43,610.231485099641,3457.47994934869,-345.447713922276,78.9671500317791,1200,17,629.594132861558,0.531419263667796,"T31s"
416,50,180,43,319.164842248764,1762.89296574295,-175.834488342513,54.9282371021114,1200,22,329.087803370042,0.624797099682633,"T31s"
417,50,180,43,409.890707620146,1594.63089981839,-159.048687309874,57.0925255345301,1200,19,423.961756631945,0.578338671272388,"T31s"
418,50,180,43,319.164842248764,2164.09569069737,-215.937314327679,57.9983679690439,1200,17,330.44553390554,0.641275550134192,"T31s"
419,50,180,43,409.890707620146,2504.96230726389,-250.077061851759,65.4577711944975,1200,17,423.585595856123,0.599386829641378,"T31s"
420,50,180,43,319.164842248764,4007.64531012903,-400.30012754151,70.7159325456444,1200,17,329.538319938753,0.682732927609494,"T31s"
421,50,180,43,1063.75441752441,2118.88934107691,-211.85522630647,87.641121668229,1200,17,1106.70232471831,0.361719362959206,"T31s"
422,50,180,43,469.40608493072,3271.4819674149,-326.76448070099,70.5987407929934,1200,17,484.359461092923,0.579285280685548,"T31s"
423,50,180,43,319.164842248764,4263.82905039211,-425.916357838675,66.3848513057006,1200,17,330.742307417917,0.668650294362276,"T31s"
424,50,180,43,610.231485099641,1925.39227476994,-192.230802296427,68.7421149728162,1200,17,627.023462451389,0.49918262476989,"T31s"
425,50,180,43,319.164842248764,3906.48094334277,-390.180906535266,67.2519505799429,1200,17,328.828349106686,0.670612556993866,"T31s"
426,50,180,43,409.890707620146,5190.93586125629,-518.678537505985,76.1180767812359,1200,17,422.828033980992,0.609511273866983,"T31s"
427,50,180,43,409.890707620146,3289.60847894933,-328.546613059422,73.3394388855406,1200,17,422.443395169179,0.629173822766884,"T31s"
428,50,180,43,319.164842248764,2470.34463888307,-246.55958088731,58.3404511695308,1200,17,329.919765456371,0.616945438991702,"T31s"
429,50,180,43,409.890707620146,4497.43985008713,-449.329650799298,75.3194060044315,1200,17,423.472773715757,0.615525025408176,"T31s"
430,50,180,43,319.164842248764,2303.3040187328,-229.858911397435,60.2024856772431,1200,17,330.387896922987,0.641910194316532,"T31s"
431,50,180,43,319.164842248764,2062.49864887465,-205.787053258092,56.4541658577379,1200,19,331.308213443701,0.641397805064884,"T31s"
432,50,180,43,319.164842248764,2103.75955616738,-209.901819152636,57.4238652982304,1200,17,328.248038495956,0.637299782186269,"T31s"
433,50,180,43,409.890707620146,3164.62902662572,-316.04554224423,69.1178208323434,1200,17,422.281191999047,0.612944190934069,"T31s"
434,50,180,43,409.890707620146,5047.74206197968,-504.359242416922,76.9644321912191,1200,17,420.594612306228,0.620676249704054,"T31s"
435,50,180,43,409.890707620146,2722.32460427337,-271.810456697996,64.4429262870738,1200,17,421.665196975603,0.585717562894535,"T31s"
436,50,180,43,319.164842248764,3076.50112869572,-307.178365307618,59.6475025865092,1200,17,329.042836497649,0.649101397011247,"T31s"
437,50,180,43,610.231485099641,2736.81035530971,-273.372636432686,69.6906652240592,1200,17,629.639493861712,0.480893193352685,"T31s"
438,50,180,43,610.231485099641,2170.6867118822,-216.761454864504,71.420893703728,1200,17,627.511256100995,0.499472556435936,"T31s"
439,50,180,43,610.231485099641,3643.3277225244,-364.051287732762,76.8314957743676,1200,22,630.677153346867,0.510968358610603,"T31s"
440,50,180,43,319.164842248764,4855.81946670077,-485.113026517832,67.6406518139297,1200,17,329.047310526342,0.650705345521688,"T31s"
441,50,180,43,319.164842248764,2599.53969698369,-259.479099597329,58.1205399595698,1200,17,327.946837724508,0.629412933181776,"T31s"
442,50,180,43,610.231485099641,3444.93360073197,-344.190361436049,75.3360203315618,1200,17,630.403476761242,0.5115859373145,"T31s"
443,50,180,43,319.164842248764,5025.4427064941,-502.078122046617,71.7613378531222,1200,17,332.114400680218,0.646643513128564,"T31s"
444,50,180,43,610.231485099641,2766.94465133969,-276.395424365084,77.9789787401007,1200,17,632.767072823721,0.528451252326332,"T31s"
445,50,180,43,610.231485099641,3086.52871343982,-308.351053171835,77.9560925082938,1200,17,630.530294896621,0.513911024365984,"T31s"
446,50,180,43,319.164842248764,4113.46603894499,-410.882644246623,70.7016289508447,1200,17,331.131141177715,0.677849304738163,"T31s"
447,50,180,43,319.164842248764,3012.98029751033,-300.827269375544,60.6588443343086,1200,17,329.800205851211,0.651147008651243,"T31s"
448,50,180,43,610.231485099641,3619.98083891954,-361.699295139433,82.6993865818829,1200,17,633.004473003315,0.51384025152093,"T31s"
449,50,180,43,610.231485099641,3997.63476735768,-399.465260465402,81.2070667014935,1200,17,630.880074081241,0.537035936920418,"T31s"
450,50,180,43,610.231485099641,2845.18191878737,-284.214439837444,72.8815349083286,1200,17,632.304175803423,0.501052931335805,"T31s"
451,50,180,43,610.231485099641,2979.21658730839,-297.618323925676,75.7237114211472,1200,17,630.004901955313,0.509276511200985,"T31s"
452,50,180,43,319.164842248764,2695.48002310659,-269.075753002605,59.0131415794472,1200,17,330.049749093703,0.640275457421495,"T31s"
453,50,180,43,319.164842248764,6083.63883039734,-607.901716636001,76.5866081127868,1200,17,329.318865403024,0.686825594687557,"T31s"
454,50,180,43,409.890707620146,4964.40991988484,-496.021722294245,68.4113529557447,1200,17,422.646290887766,0.594058684359799,"T31s"
455,50,180,43,610.231485099641,2248.80118203179,-224.5720809304,69.2594372628941,1200,17,625.206307723665,0.512026440467875,"T31s"
456,50,180,43,610.231485099641,2265.53459748983,-226.24773881707,69.3735477119816,1200,17,630.813075608449,0.501828493406551,"T31s"
457,50,180,43,409.890707620146,2554.04447587515,-254.988184597038,68.201864634198,1200,17,426.267798836596,0.603521028451293,"T31s"
458,50,180,43,319.164842248764,3288.69240009466,-328.40983496091,64.7542850911729,1200,19,332.091643222369,0.643188138652453,"T31s"
459,50,180,43,610.231485099641,1963.33407731129,-196.026756678339,68.2786689113643,1200,17,629.094337999216,0.506287101867953,"T31s"
460,50,180,43,319.164842248764,2932.9935457549,-292.831353827267,64.9659664557572,1200,17,329.651958925394,0.665258248309763,"T31s"
461,50,180,43,610.231485099641,2321.2322637706,-231.724621658759,70.6817374846767,1200,5,630.621460500038,0.507938688414728,"T31s"
462,50,180,43,319.164842248764,3220.55369313537,-321.595722627404,63.9840817576438,1200,19,329.517702386272,0.658479935784569,"T31s"
463,50,180,43,319.164842248764,2450.00016005152,-244.529650512911,60.9586757192534,1200,17,329.105052587537,0.658185540034187,"T31s"
464,50,180,43,409.890707620146,2653.217367655,-264.902308287508,64.8678352517549,1200,17,423.593741412416,0.598709334128422,"T31s"
465,50,180,43,409.890707620146,3181.79631442381,-317.763333198716,70.7221102677132,1200,17,420.524576088693,0.628551341010893,"T31s"
466,50,180,43,319.164842248764,2908.66693272721,-290.396259246662,61.9699070693954,1200,17,330.517727333261,0.645819579234444,"T31s"
467,50,180,43,409.890707620146,3583.25228509578,-357.906988025443,70.3772749787085,1200,17,421.683989891748,0.603458306082784,"T31s"
468,50,180,43,610.231485099641,3024.03063856569,-302.097245955611,70.1626730438039,1200,17,631.693805332019,0.493047622098834,"T31s"
469,50,180,43,409.890707620146,3031.78443326478,-302.771758221324,68.3843140592867,1200,19,424.899146221998,0.612360987881557,"T31s"
470,50,180,43,319.164842248764,3862.57984034327,-385.789436166703,65.6916372661368,1200,17,329.611143144638,0.657608244428496,"T31s"
471,50,180,43,610.231485099641,4043.44023802915,-404.051141719855,87.770619315247,1200,17,632.43564669095,0.559348874141599,"T31s"
472,50,180,43,610.231485099641,3086.18420856582,-308.316184719578,76.4501039421363,1200,17,628.833620631656,0.524731774536609,"T31s"
473,50,180,43,610.231485099641,4847.74861078508,-484.47729079418,82.4554223997945,1200,17,630.542210036813,0.541322047193547,"T31s"
474,50,180,43,319.164842248764,2776.84434224128,-277.213871482591,62.5631922791231,1200,17,329.618099092601,0.647846737918013,"T31s"
475,50,180,43,610.231485099641,3620.1503589022,-361.7124453186,74.8887755264462,1200,17,630.60130518935,0.515993711972744,"T31s"
476,50,180,43,610.231485099641,3211.49311204756,-320.844712340939,73.4065871949542,1200,17,632.17446275448,0.491597549739578,"T31s"
477,50,180,43,610.231485099641,2665.34028311006,-266.133891511635,71.5179969114055,1200,5,629.164028980259,0.498403472875949,"T31s"
478,50,180,43,409.890707620146,2995.7406240947,-299.168017629083,70.6237065505288,1200,19,425.444126820494,0.608093825700732,"T31s"
479,50,180,43,319.164842248764,2055.11476622734,-204.946457567651,58.6638558126332,1200,5,329.619781871486,0.654453035750784,"T31s"
480,50,180,43,319.164842248764,2021.83175721613,-201.70999422467,55.2331826070114,1200,17,331.65679488832,0.634100221221547,"T31s"
481,50,180,43,610.231485099641,3377.20195666929,-337.43099764897,83.8403602306238,1200,19,625.92144819101,0.553227576705047,"T31s"
482,50,180,43,409.890707620146,3062.11901615748,-305.795252930316,66.7770472595462,1200,17,423.300475113924,0.62186831557051,"T31s"
483,50,180,43,610.231485099641,2802.80182689722,-279.977139432972,75.3399398070055,1200,17,627.774302087149,0.526592409748642,"T31s"
484,50,180,43,319.164842248764,3493.36201393948,-348.868915081588,65.8840798767844,1200,17,328.9815343991,0.673285902556648,"T31s"
485,50,180,43,409.890707620146,3426.34682444332,-342.21841469161,69.9829081496022,1200,17,422.678500361858,0.618650114712239,"T31s"
486,50,180,43,409.890707620146,3328.91567748077,-332.476683511091,70.7927553807712,1200,17,424.867080198256,0.616911782269693,"T31s"
487,50,180,43,610.231485099641,3316.30090809416,-331.335055814505,79.6285958094347,1200,17,636.249294406711,0.542526612136049,"T31s"
488,50,180,43,610.231485099641,2581.75749925346,-257.872192687231,73.2706381651221,1200,17,629.898026233228,0.515857773257808,"T31s"
489,50,180,43,610.231485099641,1633.26482798231,-163.016171717103,63.6672641463774,1200,17,627.419877294476,0.494907936556369,"T31s"
490,50,180,43,610.231485099641,2644.43639787216,-264.146472586659,71.9091037291498,1200,19,627.957274369037,0.501331157627046,"T31s"
491,50,180,43,610.231485099641,2848.65345986774,-284.564883137776,75.3179671467912,1200,17,633.33409652399,0.51976505630185,"T31s"
492,50,180,43,610.231485099641,3417.31212368995,-341.429592283147,79.0968050814347,1200,17,629.573928317659,0.517715197870412,"T31s"
493,50,180,43,610.231485099641,2397.70323103476,-239.465343541214,72.7104814311163,1200,17,628.009779179637,0.51460905651202,"T31s"
494,50,180,43,610.231485099641,4141.90401163454,-413.891333125344,81.0066520182048,1200,17,629.761285368263,0.535767418491293,"T31s"
495,50,180,43,610.231485099641,4243.86904376445,-424.088364025634,82.2405152344182,1200,17,630.977351426417,0.529778084351692,"T31s"
496,50,180,43,610.231485099641,4714.95414070316,-471.198905570912,85.2159573067944,1200,17,632.964844448145,0.528487322753677,"T31s"
497,50,180,43,610.231485099641,3358.1337106589,-335.526592518277,80.4654557027843,1200,19,630.948661024065,0.559100121723253,"T31s"
498,50,180,43,610.231485099641,2572.56469746321,-256.953604362388,72.6474592800491,1200,17,632.720643422963,0.508249947509556,"T31s"
499,50,180,43,319.164842248764,1815.27835993391,-181.052350432551,54.722860486031,1200,17,329.599805828216,0.624860591636579,"T31s"
500,50,180,43,319.164842248764,2539.24985193294,-253.451777174306,59.7308864019292,1200,17,329.752301901634,0.63004555470904,"T31s"
501,50,180,43,610.231485099641,1617.72499497705,-161.461292137667,63.3806145430248,1200,17,628.391437904437,0.481185583724153,"T31s"
502,50,180,43,319.164842248764,3195.13088490865,-319.044290046896,65.1047110162054,1200,17,330.383548965665,0.652515338155375,"T31s"
503,50,180,43,610.231485099641,4195.55420098882,-419.255219292348,77.6865772552301,1200,17,631.524303556943,0.525135954900631,"T31s"
504,50,180,43,610.231485099641,2697.72794563329,-269.467319873725,71.1595383757426,1200,17,632.774618998003,0.486799123762313,"T31s"
505,50,180,43,319.164842248764,3455.26478623022,-345.060523621417,66.5756343210099,1200,17,330.956464126151,0.672676594942116,"T31s"
506,50,180,43,610.231485099641,4628.41120406808,-462.554207597064,85.5400706393425,1200,19,630.188230868335,0.545315235858467,"T31s"
507,50,180,43,610.231485099641,3853.65090301941,-385.068499007236,85.7442721542702,1200,17,628.300182902726,0.55333750581356,"T31s"
508,50,180,43,319.164842248764,2371.27486762389,-236.657521268372,61.0325132052814,1200,17,330.591304235243,0.653196740558421,"T31s"
509,50,180,43,610.231485099641,2716.84252147288,-271.381021508515,75.2504362435675,1200,17,628.823111040775,0.518847470292268,"T31s"
510,50,180,43,610.231485099641,3517.70471674119,-351.464817453348,74.4354537661138,1200,17,627.179869416164,0.506994385779971,"T31s"
511,50,180,43,319.164842248764,2510.3969113359,-250.564473440563,54.7021555453207,1200,17,330.615217339263,0.621635277347329,"T31s"
512,50,180,43,319.164842248764,1625.58075636675,-162.083972128527,53.7889998186349,1200,17,329.570370836519,0.641967134450813,"T31s"
513,50,180,43,610.231485099641,2617.77818628429,-261.474465944297,72.9968261373909,1200,17,630.780357616559,0.513625835242778,"T31s"
514,50,180,43,610.231485099641,2263.82241226365,-226.078407741381,69.9998072950609,1200,17,631.971661673004,0.511800218612306,"T31s"
515,50,180,43,610.231485099641,5129.49261676799,-512.654290976714,87.1822293372792,1200,17,631.222994475712,0.547557252152784,"T31s"
516,50,180,43,610.231485099641,9241.84255790831,-923.892340857238,97.3978414412517,1200,17,628.502030216354,0.560068548839291,"T31s"
517,50,180,43,610.231485099641,2448.151423242,-244.513257111583,77.6618255371178,1200,17,627.763197671739,0.530498552068174,"T31s"
518,50,180,43,610.231485099641,3962.71874351149,-395.973773082902,83.1852659996867,1200,17,628.837223696162,0.543608727417685,"T31s"
519,50,180,43,319.164842248764,2648.04127152137,-264.332264325342,60.4206994932134,1200,17,328.401838597868,0.649142001458975,"T31s"
520,50,180,43,610.231485099641,5108.82644899741,-510.586136230205,84.6954417804753,1200,17,629.789335930482,0.548900135054951,"T31s"
521,50,180,43,319.164842248764,4858.23627912655,-485.361307414558,71.9513441249653,1200,17,331.105083107589,0.690228368034609,"T31s"
522,50,180,43,610.231485099641,2898.51789451724,-289.549596678417,76.485875020736,1200,17,628.784170676588,0.525337056665427,"T31s"
523,50,180,43,319.164842248764,2349.21338999411,-234.449799899629,58.6470969701116,1200,17,329.062775398728,0.654403416460405,"T31s"
524,50,180,43,610.231485099641,8825.57465168478,-882.261124833271,90.5178757254348,1200,17,625.211299349234,0.558104992136525,"T31s"
525,50,180,43,610.231485099641,2269.3471460368,-226.632772941742,73.1798681983461,1200,17,631.484136254303,0.522986042641701,"T31s"
526,50,180,43,610.231485099641,5597.7471801921,-559.47558408997,82.8439117319103,1200,17,630.676630235055,0.523599926579259,"T31s"
527,50,180,43,610.231485099641,2293.46942290058,-229.042127026013,72.2899124564664,1200,17,625.837992759014,0.530429149506132,"T31s"
528,50,180,43,319.164842248764,3352.11506513083,-334.739974474194,62.1748241621059,1200,17,330.03879628005,0.636973635451647,"T31s"
529,50,180,43,610.231485099641,2711.14533753855,-270.811421544453,74.3983328927147,1200,17,631.619943841503,0.506420150865854,"T31s"
530,50,180,43,610.231485099641,2916.39108866707,-291.336767605396,73.9714871353258,1200,17,631.178049591222,0.518151828899517,"T31s"
531,50,180,43,610.231485099641,3767.63871420758,-376.464341079826,81.5840687095758,1200,17,631.329528077592,0.5199947108533,"T31s"
532,50,180,43,610.231485099641,2992.67300273823,-298.968947976493,79.22020647258,1200,17,631.680217906936,0.537591806320307,"T31s"
533,50,180,43,610.231485099641,1881.83002897169,-187.874432665876,66.9175708394096,1200,17,629.052964432511,0.491875684327121,"T31s"
534,50,180,43,610.231485099641,2738.29449159907,-273.524934545593,72.8457779396353,1200,17,631.186148090989,0.500123024629114,"T31s"
535,50,180,43,610.231485099641,3194.45635529161,-319.145722271605,80.2972322889132,1200,17,627.973466207131,0.540196539767344,"T31s"
536,50,180,43,610.231485099641,1871.1894688792,-186.807347509863,66.3231814685173,1200,17,626.301028047408,0.479753375679318,"T31s"
537,50,180,43,610.231485099641,5237.55688652332,-523.457129766147,83.4828470603006,1200,17,630.735228563383,0.526875876656091,"T31s"
538,50,180,43,319.164842248764,2255.83373514546,-225.111516118305,59.8459526477175,1200,17,328.561719625066,0.650171653180737,"T31s"
539,50,180,43,610.231485099641,3328.40218270165,-332.543700961437,81.0862884676325,1200,17,631.355069142472,0.551634058817576,"T31s"
540,50,180,43,610.231485099641,2855.84401914721,-285.284654061167,78.3832789587315,1200,17,629.769597339883,0.537664946968277,"T31s"
541,50,180,43,610.231485099641,3138.22636171095,-313.522809771423,74.4610642168574,1200,17,634.76877831289,0.52054658803102,"T31s"
542,50,180,43,610.231485099641,6178.79676686653,-617.585078590982,88.0907725111518,1200,17,629.591464950125,0.557852051535993,"T31s"
543,50,180,43,319.164842248764,5092.22424046318,-508.75791302121,70.6057717501672,1200,17,329.909450059813,0.679841474746221,"T31s"
544,50,180,43,610.231485099641,3165.4057042015,-316.238492709766,76.6430835269718,1200,17,627.137701162162,0.535648772325969,"T31s"
545,50,180,43,737.202985829302,3036.95143934592,-303.470082912069,85.037304350745,1200,17,761.164522560419,0.489441847820591,"T31s"
546,50,180,43,319.164842248764,4076.91323841326,-407.22602321411,68.3682960448279,1200,17,329.039197582815,0.684522838240336,"T31s"
547,50,180,43,319.164842248764,2578.09932597621,-257.340937320114,63.2763140247638,1200,17,328.94028680549,0.665131436829765,"T31s"
548,50,180,43,319.164842248764,2151.52937297796,-214.681080678672,57.9956692228892,1200,17,331.118683268931,0.641306073158005,"T31s"
549,50,180,43,319.164842248764,2200.50024532015,-219.576818042941,59.0200482699031,1200,17,328.686096543506,0.638702110520113,"T31s"
550,50,180,43,319.164842248764,3182.5477735764,-317.788237784657,67.1077316200517,1200,17,329.84080449177,0.671619927228495,"T31s"
551,50,180,43,610.231485099641,5130.55717728445,-512.801140612916,86.8067140831999,1200,32,632.568755184308,0.536185311647626,"T31s"
552,50,180,43,319.164842248764,3383.32500650179,-337.86675894541,67.4852973013178,1200,17,329.296891159877,0.681539547286373,"T31s"
553,50,180,43,610.231485099641,2299.23083416927,-229.61612923135,70.6918665509768,1200,17,629.586221026545,0.49231835229224,"T31s"
554,50,180,43,610.231485099641,2492.87985103041,-248.981797440157,71.5051936881812,1200,17,628.565987787554,0.503273860764683,"T31s"
555,50,180,43,319.164842248764,1985.24587646344,-198.052497869654,57.8732672076126,1200,17,330.092336786821,0.645419836465928,"T31s"
556,50,180,43,319.164842248764,4567.37501994075,-456.274596729706,72.5333803367611,1200,17,329.639970951115,0.691058891413021,"T31s"
557,50,180,43,319.164842248764,4047.76808937952,-404.311700248795,67.806156526937,1200,17,330.167142962812,0.681681044409217,"T31s"
558,50,180,43,319.164842248764,2175.09161559759,-217.037730364251,58.7924759363498,1200,17,330.600606241603,0.64595179886782,"T31s"
559,50,180,43,837.825736408073,1727.69087808037,-172.595555492354,75.1053897684356,1200,17,865.605518004005,0.423476501430469,"T31s"
560,50,180,43,319.164842248764,2793.95219093851,-278.924003125984,59.6314507240564,1200,17,329.531980803647,0.651593524647538,"T31s"
561,50,180,43,319.164842248764,2638.89020455324,-263.417813367402,59.6221854222862,1200,17,329.671725635259,0.650891179998019,"T31s"
562,50,180,43,319.164842248764,4313.26821700165,-430.859018915044,65.8477472666845,1200,17,329.750911969393,0.663716533232395,"T31s"
563,50,180,43,319.164842248764,2084.23401520219,-207.952741713937,59.4038935079161,1200,17,329.290433715318,0.659334529768073,"T31s"
564,50,180,43,319.164842248764,3467.55668536703,-346.285627448668,63.9388815399756,1200,17,329.491999434226,0.649219404762053,"T31s"
565,50,180,43,610.231485099641,2493.04298661089,-248.99849216239,72.2330095877957,1200,17,628.438054791723,0.505411996651549,"T31s"
566,50,180,43,319.164842248764,2531.79444975257,-252.709677022777,62.1795751548728,1200,17,329.813871856576,0.655921747751102,"T31s"
567,50,180,43,319.164842248764,5752.90354671885,-574.826370273605,72.4040002294698,1200,17,330.279467100974,0.676937077273291,"T31s"
568,50,180,43,319.164842248764,2628.80257801244,-262.41022876616,61.0914621103109,1200,17,330.355890611542,0.653749619565734,"T31s"
569,50,180,43,319.164842248764,2193.54644257748,-218.879996546713,58.3100671539322,1200,17,329.212078925378,0.623562480613567,"T31s"
570,50,180,43,610.231485099641,5197.1457590902,-519.418907296131,86.959059784456,1200,17,628.783360586884,0.555672810196608,"T31s"
571,50,180,43,319.164842248764,2926.47832465748,-292.180697349708,65.0080444431468,1200,17,330.81287756295,0.666945377032755,"T31s"
572,50,180,43,319.164842248764,2515.66547889562,-251.096476989546,59.3161498395488,1200,17,331.0531994861,0.655146860909825,"T31s"
573,50,180,43,610.231485099641,2519.38523746914,-251.635423527382,73.1819809268164,1200,17,627.384436354789,0.535509306031897,"T31s"
574,50,180,43,319.164842248764,3008.68039232703,-300.401328607137,64.8255311948794,1200,17,329.684686007324,0.678435080173516,"T31s"
575,50,180,43,319.164842248764,5362.52382501482,-535.786032459171,71.6899027899651,1200,17,329.228414534765,0.661843623913806,"T31s"
576,50,180,43,737.202985829302,2523.09302452922,-252.083635046884,79.9877271133366,1200,17,761.846473505073,0.496198460644761,"T31s"
577,50,180,43,319.164842248764,2959.91318447413,-295.523555933916,65.6956620734691,1200,17,328.895994450378,0.669655126705656,"T31s"
578,50,180,43,837.825736408073,4153.01416023126,-415.145264455994,94.9091523550187,1200,17,872.927408566144,0.48820150049854,"T31s"
579,50,180,43,837.825736408073,3330.65034598722,-332.901389806259,87.6590302984278,1200,17,868.386112930293,0.464149824453398,"T31s"
580,50,180,43,319.164842248764,6794.46530375069,-678.989704585321,85.9772051873311,1200,17,329.80063549587,0.706095802564982,"T31s"
581,50,180,43,319.164842248764,2009.80390142802,-200.509148712577,59.2689715128046,1200,17,328.887370073309,0.656338992921382,"T31s"
582,50,180,43,737.202985829302,2873.17011517038,-287.088329935841,77.0515480959364,1200,17,764.420154510875,0.460704672411335,"T31s"
583,50,180,43,319.164842248764,2733.66459632644,-272.897918156452,63.4978149148173,1200,17,329.755996774393,0.664132819749623,"T31s"
584,50,180,43,319.164842248764,1983.69341881922,-197.896598416166,57.8621363589624,1200,17,328.396519777221,0.648895442803743,"T31s"
585,50,180,43,319.164842248764,1792.96770831779,-178.823816584107,55.1751429119693,1200,17,330.494217571029,0.643404869682679,"T31s"
586,50,180,43,319.164842248764,2141.84200399518,-213.714602069506,61.0651109212106,1200,17,332.251751400063,0.646992385304809,"T31s"
587,50,180,43,319.164842248764,2011.56770854641,-200.683739254651,57.646300776306,1200,17,328.874956760438,0.643919217223356,"T31s"
588,50,180,43,319.164842248764,4866.63722760729,-486.198194384485,70.3070170481094,1200,17,330.664821720759,0.666220449690978,"T31s"
589,50,180,43,319.164842248764,2715.68130023808,-271.097321879591,60.1155247240626,1200,17,331.011766432981,0.64535355978295,"T31s"
590,50,180,43,837.825736408073,1861.8806825952,-186.013106506272,75.9740324604434,1200,17,861.120126655888,0.432671305125005,"T31s"
591,50,180,43,319.164842248764,4062.97170493817,-405.832378784081,70.4272999598555,1200,17,331.847137441186,0.66623137337779,"T31s"
592,50,180,43,319.164842248764,2030.91417803926,-202.62120873687,59.2627755827612,1200,17,330.108070219624,0.659502688608916,"T31s"
593,50,180,43,319.164842248764,2991.43985487749,-298.674183301114,62.5385215407971,1200,17,328.517734126043,0.662007257826886,"T31s"
594,50,180,43,319.164842248764,3044.74301639034,-304.006376836865,64.7972509184388,1200,17,328.112427148896,0.67563616325163,"T31s"
595,50,180,43,737.202985829302,2716.51925570684,-271.422296082233,80.3964188261304,1200,17,757.801635794525,0.479008493803964,"T31s"
596,50,180,43,319.164842248764,2152.66957745885,-214.795423338919,57.4733207724653,1200,17,329.493168546141,0.655831207552483,"T31s"
597,50,180,43,319.164842248764,3016.1917646232,-301.150879957991,66.2508275812665,1200,17,330.707925819029,0.651806246873519,"T31s"
598,50,180,43,319.164842248764,2805.14734359974,-280.0462446634,64.6171962448736,1200,17,330.574725844049,0.656103291477739,"T31s"
599,50,180,43,319.164842248764,3509.49153612907,-350.482026616568,65.3405370241125,1200,17,329.106741152927,0.675954361963488,"T31s"
600,50,180,43,319.164842248764,2193.56723070527,-218.885070864539,59.9718724513911,1200,17,328.650824996947,0.651279673785531,"T31s"
601,50,180,43,319.164842248764,2821.21784085165,-281.652142340932,62.7078878890579,1200,17,328.96881610983,0.6603937039188,"T31s"
602,50,180,43,319.164842248764,2188.28225678687,-218.357619341998,59.736502217082,1200,17,329.988716831511,0.654652982252802,"T31s"
603,50,180,43,837.825736408073,5703.239088129,-570.165094370958,98.3200815900878,1200,17,863.898021481315,0.503317029957535,"T31s"
604,50,180,43,319.164842248764,2884.24221999867,-287.954509767431,63.1966138389633,1200,17,328.895444960864,0.658491330389089,"T31s"
605,50,180,43,319.164842248764,3198.75574820925,-319.406799542785,63.1838972917315,1200,17,331.078516884769,0.655061662277463,"T31s"
606,50,180,43,319.164842248764,2717.85905061142,-271.312986958449,57.9583581216679,1200,17,328.475069417035,0.646366277529499,"T31s"
607,50,180,43,319.164842248764,2375.55987879694,-237.083946351589,58.9993230554157,1200,17,329.93582478795,0.643069461638486,"T31s"
608,50,180,43,319.164842248764,1929.96091604576,-192.522446224945,56.7044659406927,1200,17,329.766635985747,0.635675698340642,"T31s"
609,50,180,43,319.164842248764,2581.84952925957,-257.713820061929,60.9826345951829,1200,17,329.308735299369,0.649233825645335,"T31s"
610,50,180,43,737.202985829302,3357.65313674401,-335.539181302763,83.9998736218502,1200,17,760.4525256584,0.486374676154254,"T31s"
611,50,180,43,319.164842248764,2512.73678373465,-250.803141707291,59.8490807415449,1200,17,328.910763986369,0.661315324747585,"T31s"
612,50,180,43,319.164842248764,2540.03054074309,-253.535052398693,61.4240049315277,1200,17,331.217214632417,0.667848126289968,"T31s"
613,50,180,43,319.164842248764,3818.62371753372,-381.397861653978,68.6312853706736,1200,17,331.825805039235,0.675159676808895,"T31s"
614,50,180,43,319.164842248764,4160.53699652754,-415.586644037911,70.8813735869361,1200,17,328.827676571022,0.659840278077684,"T31s"
615,50,180,43,319.164842248764,2431.99684238182,-242.727507217685,58.8658229505136,1200,17,329.281391966416,0.646009142897621,"T31s"
616,50,180,43,319.164842248764,3214.56406569813,-320.987165618243,63.3727012335537,1200,17,329.011586467158,0.661933995735455,"T31s"
617,50,180,43,319.164842248764,5139.28158556423,-513.462870741992,69.7102184294502,1200,17,328.891031429473,0.681049457081813,"T31s"
618,50,180,43,319.164842248764,4481.11774626711,-447.644533353476,69.258877236639,1200,17,328.83845524289,0.663328611372991,"T31s"
619,50,180,43,319.164842248764,2564.8198934505,-256.013518942916,63.6417645520429,1200,17,329.356165704274,0.66671567568274,"T31s"
620,50,180,43,319.164842248764,4227.55974763065,-422.295322545792,74.4360633418414,1200,17,331.885478802897,0.694038215967265,"T31s"
621,50,180,43,319.164842248764,4474.73623733083,-447.011702884626,74.5859764413766,1200,17,329.72325835299,0.693571137629439,"T31s"
622,50,180,43,319.164842248764,3181.23176073659,-317.656510824794,66.311115886257,1200,17,328.486990277287,0.680982167218215,"T31s"
623,50,180,43,319.164842248764,2376.35461303822,-237.165195368359,60.0807713343181,1200,17,331.124433767844,0.650228742937588,"T31s"
624,50,180,43,319.164842248764,2183.25117765753,-217.85452875553,60.2882307415652,1200,17,329.896881775183,0.653527358056062,"T31s"
625,50,180,43,319.164842248764,1964.27396833452,-195.953889862751,55.0512521301305,1200,17,329.832934371393,0.642180509841969,"T31s"
626,50,180,43,319.164842248764,2943.08711777452,-293.842863689604,66.4162657966936,1200,17,331.461468795399,0.671306345227045,"T31s"
627,50,180,43,319.164842248764,4665.06139031953,-466.038917286777,68.5264617194,1200,17,329.66704374207,0.661091227031154,"T31s"
628,50,180,43,319.164842248764,3066.59871950056,-306.191722967566,65.8292332767047,1200,17,331.633878940827,0.649239996545484,"T31s"
629,50,180,43,319.164842248764,2079.36819646686,-207.464512868521,57.2191307459796,1200,17,329.894901570832,0.646591660210893,"T31s"
630,50,180,43,319.164842248764,2276.85603987197,-227.212949011249,59.6041809196944,1200,17,328.85888019935,0.641253758496723,"T31s"
631,50,180,43,319.164842248764,2637.34491330964,-263.265861474605,61.7746938112735,1200,17,330.743353713187,0.663184773090911,"T31s"
632,50,180,43,319.164842248764,2991.39265868149,-298.665905964321,59.5010693465301,1200,17,329.763029390505,0.629229660286876,"T31s"
633,50,180,43,319.164842248764,2597.79852153548,-259.306431242871,59.4781447849508,1200,17,329.664130054456,0.629277767801609,"T31s"
634,50,180,43,319.164842248764,2132.20624275972,-212.748685333427,58.2312161344445,1200,17,329.604613608981,0.648603974687268,"T31s"
635,50,180,43,319.164842248764,3340.9013844021,-333.62412723691,68.4257339773129,1200,17,330.866568483858,0.666476377038031,"T31s"
636,50,180,43,319.164842248764,2103.28261422969,-209.857740142363,60.078775649946,1200,17,329.750377956389,0.655764625031318,"T31s"
637,50,180,43,319.164842248764,1437.08038318573,-143.228993969943,48.4118379673086,1200,17,331.365668983967,0.599922025137382,"T31s"
638,50,180,43,319.164842248764,3367.34052025027,-336.266549662148,65.7795448833841,1200,17,328.827629878398,0.672379168060105,"T31s"
639,50,180,43,319.164842248764,1920.40750607987,-191.566888073506,56.8694693943117,1200,17,329.486996885913,0.63459907420696,"T31s"
640,50,180,43,319.164842248764,1854.78705698526,-185.005201531426,55.0916038204365,1200,17,330.966315715847,0.635407091128412,"T31s"
641,50,180,43,319.164842248764,2527.75234019015,-252.304366331647,57.8642539319959,1200,17,331.158061957239,0.651401802347838,"T31s"
642,50,180,43,319.164842248764,4120.20765068641,-411.552703869342,64.5686437280409,1200,17,330.824360836679,0.659081664815926,"T31s"
643,50,180,43,319.164842248764,2392.57832040785,-238.787257174875,59.1122980045972,1200,17,330.50794257729,0.653994101669044,"T31s"
644,50,180,43,319.164842248764,3071.8396940157,-306.716920213256,63.4090939698525,1200,17,330.289794429115,0.676211448800352,"T31s"
645,50,180,43,319.164842248764,6647.90727241154,-664.329814650258,78.1632323313829,1200,17,331.276163998224,0.682594787839698,"T31s"
646,50,180,43,319.164842248764,2267.73334958711,-226.300331834328,59.5600037165991,1200,17,328.886379012963,0.637757773759056,"T31s"
647,50,180,43,610.231485099641,2243.77801276652,-224.074525324462,71.6246110025164,1200,17,630.240976801507,0.52214003342903,"T31s"
648,50,180,43,319.164842248764,4262.10288372539,-425.751290227243,70.5374316427448,1200,18,331.416316211344,0.677256714972267,"T31s"
649,50,180,43,319.164842248764,4891.96607979443,-488.73133786375,69.4452676431155,1200,17,329.483454818582,0.678624770283908,"T31s"
650,50,180,43,319.164842248764,6274.591734021,-626.996241117172,77.2973675117042,1200,17,329.257393187261,0.67715918601123,"T31s"
651,50,180,43,319.164842248764,2057.51468989457,-205.280809630644,56.704849333063,1200,17,331.590525395393,0.654805867320411,"T31s"
652,50,180,43,319.164842248764,3208.20124205698,-320.354351956001,69.0973035224788,1200,17,329.274815855762,0.675990598661905,"T31s"
653,50,180,43,319.164842248764,3100.09971473529,-309.540753432073,63.7422738722265,1200,17,329.028743884272,0.660830262093005,"T31s"
654,50,180,43,319.164842248764,2113.94535822418,-210.923405007445,59.4134898520702,1200,17,329.638508273029,0.652544957645789,"T31s"
655,50,180,43,319.164842248764,2921.07623056126,-291.641629089191,64.3369369690512,1200,17,333.051633262736,0.667424741816328,"T31s"
656,50,180,43,319.164842248764,2979.50806226467,-297.481605360195,62.3465676940165,1200,17,330.088014357717,0.659423365073443,"T31s"
657,50,180,43,319.164842248764,1865.06529432327,-186.034287947727,56.3729287400964,1200,17,330.431574139024,0.646908371750912,"T31s"
658,50,180,43,319.164842248764,4068.5248299951,-406.385234705686,69.425080515724,1200,17,328.973284735111,0.661911279892416,"T31s"
659,50,180,43,319.164842248764,2101.06339849607,-209.634867769812,60.0047021807299,1200,17,331.704450997913,0.635008997399113,"T31s"
660,50,180,43,610.231485099641,2222.40388644103,-221.937269600598,73.0141187479425,1200,17,628.809394519425,0.527498500048731,"T31s"
661,50,180,43,319.164842248764,2583.12403163664,-257.839235466103,57.5205067907005,1200,17,329.451464068903,0.639586335331629,"T31s"
662,50,180,43,319.164842248764,4399.81782294614,-439.517247980582,71.0767892024986,1200,17,330.844916442285,0.672535783914308,"T31s"
663,50,180,43,319.164842248764,2434.77798557163,-243.009403357761,62.4297396986595,1200,17,328.55665908707,0.676210765944692,"T31s"
664,50,180,43,319.164842248764,1994.52031037606,-198.980474429063,57.2789889064177,1200,17,331.168612950394,0.646401409350046,"T31s"
665,50,180,43,319.164842248764,2111.10729113325,-210.638361538953,56.7050395233108,1200,17,330.286531801482,0.64539362831438,"T31s"
666,50,180,43,319.164842248764,3104.63676433346,-309.992127123354,60.2592539005349,1200,17,329.387749377597,0.647015846284946,"T31s"
667,50,180,43,319.164842248764,2681.91804040338,-267.723402026911,63.2849651939908,1200,17,329.521991959309,0.667613445376259,"T31s"
668,50,180,43,319.164842248764,3476.46216050762,-347.182308463587,70.9811277419228,1200,17,329.616563344326,0.686347530472248,"T31s"
669,50,180,43,319.164842248764,2970.08797833599,-296.539047012456,63.6507160717163,1200,17,328.440664860151,0.659266946266002,"T31s"
670,50,180,43,319.164842248764,4436.1937979173,-443.154328862175,72.2653002891829,1200,17,328.965394940474,0.674463933897312,"T31s"
671,50,180,43,319.164842248764,2638.28771194298,-263.359210986376,63.3719258798977,1200,17,330.094070164222,0.652376465563899,"T31s"
672,50,180,43,319.164842248764,2033.50097610369,-202.873322447594,54.4448559756582,1200,17,329.120919135741,0.615708234530766,"T31s"
673,50,180,43,319.164842248764,2382.89703761989,-237.814701960004,56.7135107094792,1200,17,328.827446125293,0.627605971812248,"T31s"
674,50,180,43,319.164842248764,3162.03734876841,-315.734337912416,62.4858552077371,1200,17,329.789525341396,0.658753909581143,"T31s"
675,50,180,43,610.231485099641,2830.97119209418,-282.792631636993,76.352658546403,1200,17,628.130971233656,0.506675470061119,"T31s"
676,50,180,43,319.164842248764,3070.76605694194,-306.610380833595,66.1944382489342,1200,17,330.077600835377,0.676418442637945,"T31s"
677,50,180,43,319.164842248764,2748.22222426524,-274.351498516399,61.7514094498398,1200,17,328.925797765756,0.653013355553434,"T31s"
678,50,180,43,610.231485099641,2481.03177152479,-247.797781514155,70.3258419230002,1200,17,629.976988278027,0.506825276028936,"T31s"
679,50,180,43,610.231485099641,3467.67635772337,-346.468814516067,78.4652914533789,1200,17,631.134852986843,0.538626629259256,"T31s"
680,50,180,43,610.231485099641,4896.70205254681,-489.378776611547,88.9394557831718,1200,17,632.830013282416,0.567667348369211,"T31s"
681,50,180,43,319.164842248764,2754.54730180859,-274.986062947397,62.2400721805931,1200,17,332.708258689975,0.649701476264618,"T31s"
682,50,180,43,610.231485099641,3237.21115632917,-323.413627799665,72.1942079750957,1200,17,627.748619718604,0.492783490258677,"T31s"
683,50,180,43,319.164842248764,4071.29647273857,-406.66748163667,71.85307667526,1200,17,329.149029832586,0.703610731037435,"T31s"
684,50,180,43,319.164842248764,2311.54080207377,-230.684558157431,62.042771187446,1200,17,330.015629472911,0.657649976807089,"T31s"
685,50,180,43,319.164842248764,2416.59667816567,-241.188549695133,58.6155695298881,1200,17,330.409280492835,0.650797673210405,"T31s"
686,50,180,43,319.164842248764,2971.34952557768,-296.666590096941,65.5245729985088,1200,17,329.605318846428,0.660053453872426,"T31s"
687,50,180,43,319.164842248764,3007.62440714892,-300.290155913058,61.2207800902679,1200,17,330.593293087793,0.629364406979241,"T31s"
688,50,180,43,319.164842248764,1729.33466845386,-172.45804466809,55.1599956311882,1200,17,329.428182187375,0.625046860753606,"T31s"
689,50,180,43,319.164842248764,2753.74737559107,-274.904088701,60.5658051522811,1200,17,331.652483035809,0.641676564934662,"T31s"
690,50,180,43,610.231485099641,3567.65070081499,-356.462896250309,79.0193606111357,1200,17,629.802197943923,0.511093130182499,"T31s"
691,50,180,43,319.164842248764,3052.05799034644,-304.736717832095,63.5262255295109,1200,17,329.848361124943,0.658097534425317,"T31s"
692,50,180,43,319.164842248764,3492.35436626809,-348.766310604799,65.9124816584814,1200,17,329.383911887345,0.652427207047576,"T31s"
693,50,180,43,319.164842248764,2899.71354566434,-289.49952294532,61.3164786400016,1200,17,330.18347225639,0.635987929788521,"T31s"
694,50,180,43,319.164842248764,2472.83200110556,-246.813063663664,61.0607147712061,1200,17,330.43575673747,0.652308191880572,"T31s"
695,50,180,43,319.164842248764,2821.95026811738,-281.726609262378,65.7866112590182,1200,17,329.558394803796,0.658905131453718,"T31s"
696,50,180,43,319.164842248764,6288.9464532543,-628.434083409616,81.6884387024325,1200,17,328.936441432117,0.688113924686367,"T31s"
697,50,180,43,319.164842248764,2832.56802959416,-282.790591834188,63.4007869643735,1200,17,330.543953347062,0.683124717232089,"T31s"
698,50,180,43,319.164842248764,2277.2227611365,-227.197891835455,63.306058137206,1200,9,328.122827736682,0.662519092369462,"T31s"
699,50,180,43,319.164842248764,3187.13298539854,-318.24650533371,65.6603356715245,1200,17,330.37005968561,0.670794982942929,"T31s"
700,50,180,43,610.231485099641,2663.88686952925,-266.089361551002,76.2182049621358,1200,17,632.366450727418,0.533830768443389,"T31s"
701,50,180,43,319.164842248764,3821.79978601083,-381.719647503797,74.0697626744329,1200,17,331.285674354067,0.70199867953573,"T31s"
702,50,180,43,610.231485099641,2276.12868793965,-227.312589517785,71.6710776035639,1200,17,634.881840170694,0.524652708578137,"T31s"
703,50,180,43,319.164842248764,3792.3930046855,-378.774605805999,69.2596490038234,1200,17,328.270432042049,0.692133458600546,"T31s"
704,50,180,43,319.164842248764,2525.20824981593,-252.051261550601,62.3040622891539,1200,17,331.656535414568,0.646712808106325,"T31s"
705,50,180,43,319.164842248764,2365.51077012735,-236.079155585618,59.6048339480133,1200,17,330.817800392775,0.637064010089685,"T31s"
706,50,180,43,319.164842248764,2059.83321429761,-205.511695680893,58.2444398659198,1200,17,330.491722512853,0.646473544684441,"T31s"
707,50,180,43,319.164842248764,2574.37218398497,-256.965825582412,59.7977471496487,1200,17,329.36190474055,0.650271168474023,"T31s"
708,50,180,43,319.164842248764,3750.69109369996,-374.602116705124,66.788834057768,1200,17,330.508867097486,0.664222220187,"T31s"
709,50,180,43,319.164842248764,3862.52149042457,-385.785339728675,67.3058729377614,1200,17,330.354883790793,0.665238052302478,"T31s"
710,50,180,43,319.164842248764,2111.87181483183,-210.715933572568,60.2768104630996,1200,17,329.212885075454,0.650999931722391,"T31s"
711,50,180,43,610.231485099641,4044.32879927964,-404.135708384446,83.4831460057944,1200,17,631.471420422766,0.536417766493868,"T31s"
712,50,180,43,319.164842248764,3574.81043940001,-357.015430273159,68.348403242186,1200,17,329.036643641667,0.681473774507067,"T31s"
713,50,180,43,610.231485099641,3290.1397501741,-328.715268411326,78.6673659368564,1200,17,632.089137116761,0.533486113447681,"T31s"
714,50,180,43,319.164842248764,2474.5077751863,-246.979701641676,57.2101421492352,1200,17,330.189040086019,0.657200407755539,"T31s"
715,50,180,43,319.164842248764,4852.22077272699,-484.755613227837,70.2875048530438,1200,17,330.126538334855,0.660095177015167,"T31s"
716,50,180,43,319.164842248764,2312.53059422888,-230.781169706966,60.4373195181583,1200,17,328.490188914651,0.648298002356691,"T31s"
717,50,180,43,319.164842248764,2273.62967690811,-226.891912452812,59.5048887262149,1200,17,330.285923497693,0.649187739620946,"T31s"
718,50,180,43,610.231485099641,2782.23642360791,-277.920638696304,73.7257729784799,1200,17,630.171595629039,0.518267161753516,"T31s"
719,50,180,43,319.164842248764,3386.05043214878,-338.139508074603,69.1046300241564,1200,17,329.56903630009,0.676606562716995,"T31s"
720,50,180,43,319.164842248764,2388.42716761117,-238.373698333394,62.9824973353429,1200,17,328.746259881552,0.667020658483351,"T31s"
721,50,180,43,319.164842248764,2925.64987428746,-292.098232280811,65.1395650393617,1200,17,330.54534314968,0.671880387938275,"T31s"
